SEASON_YEAR,PLAYER_ID,FIRST_NAME,LAST_NAME,POSITION,HEIGHT_WO_SHOES_FT_IN,HEIGHT_W_SHOES_FT_IN,WEIGHT,WINGSPAN_FT_IN,STANDING_REACH_FT_IN,BODY_FAT_PCT,HAND_LENGTH,HAND_WIDTH
2001,12033,Adam,Allenspach,C,6' 11.5'',,259,7' 0.5'',8' 11'',12.4,,
2001,2240,Gilbert,Arenas,SG,6' 2.25'',,199,6' 9.5'',8' 3.5'',5.3,,
2001,2220,Brandon,Armstrong,SG,6' 3.5'',,188,6' 9.5'',8' 3.5'',9.3,,
2001,2203,Shane,Battier,SF-PF,6' 8.25'',,229,6' 10.5'',8' 9'',9.3,,
2001,12034,Cookie,Belcher,SG-PG,6' 3'',,206,6' 8.5'',8' 3'',5.3,,
2001,2294,Charlie,Bell,PG,6' 2.5'',,200,6' 7.5'',8' 1.5'',6.7,,
2001,2257,Ruben,Boumtje-Boumtje,C,6' 11.5'',,245,7' 4'',9' 3'',6.0,,
2001,12035,Calvin,Bowman,PF,6' 8.75'',,214,6' 11.5'',8' 8'',8.6,,
2001,2214,Michael,Bradley,PF,6' 9.5'',,227,7' 1.5'',8' 11'',9.3,,
2001,2249,Jamison,Brewer,PG,6' 2.5'',,178,6' 8.75'',8' 6.5'',6.7,,
2001,2198,Kwame,Brown,PF-C,6' 10'',,243,7' 1'',9' 0'',8.9,,
2001,2245,Damone,Brown,SF,6' 8.25'',,202,6' 11.75'',8' 8.5'',6.7,,
2001,12031,SirValiant,Brown,PG,5' 11'',,176,6' 4'',7' 8.5'',6.7,,
2001,12032,Ryan,Carroll,SF-SG,6' 4'',,202,6' 8.25'',8' 3'',8.0,,
2001,2199,Tyson,Chandler,SF-PF,6' 11.5'',,224,7' 3'',9' 2'',6.7,,
2001,2251,Eric,Chenowith,C,7' 1'',,264,7' 4'',9' 3'',12.9,,
2001,2439,Sam,Clancy,PF,6' 6.25'',,242,7' 2.75'',8' 11'',8.0,,
2001,12036,Gyasi,Cline-Heard,PF,6' 6.25'',,231,6' 11.5'',8' 7'',8.0,,
2001,2215,Jason,Collins,PF-C,6' 10.25'',,251,7' 4.5'',9' 2'',12.9,,
2001,2260,Jarron,Collins,C-PF,6' 9.25'',,252,7' 3'',8' 8'',15.2,,
2001,2241,Omar,Cook,PG,5' 11.5'',,189,6' 5.5'',7' 8'',5.5,,
2001,2201,Eddy,Curry,C,6' 10.5'',,301,7' 6.5'',9' 3'',16.5,,
2001,12037,Tate,Decker,SF,6' 9.25'',,218,6' 11.75'',8' 11'',13.6,,
2001,2205,DeSagana,Diop,C,6' 10'',,314,7' 6.5'',9' 5'',21.0,,
2001,12038,Robb,Dryden,C,7' 1'',,241,7' 2.5'',9' 2.25'',8.0,,
2001,2230,Maurice,Evans,SG,6' 4.25'',,221,6' 8'',8' 5'',4.0,,
2001,12039,Anthony,Evans,PF,6' 6'',,267,6' 11.5'',8' 5.5'',12.9,,
2001,12150,Benjamin,Eze,C-PF,6' 8.75'',,232,7' 6'',9' 1'',3.9,,
2001,2386,Kimani,Ffriend,C-PF,6' 9.5'',,228,6' 10.75'',9' 0.5'',11.7,,
2001,2228,Alton,Ford,PF,6' 8.25'',,271,6' 10.5'',8' 6.5'',8.0,,
2001,2218,Joseph,Forte,SG,6' 3.5'',,193,6' 6.5'',8' 4.5'',,,
2001,-1,Jason,Gardner,PG,5' 9.75'',,188,6' 1.25'',7' 8.5'',8.0,,
2001,12151,Jerry,Green,PG-SG,6' 1.5'',,179,6' 6.25'',8' 3'',5.5,,
2001,12152,Kenny,Gregory,SF,6' 3.5'',,200,6' 11.25'',8' 5'',6.7,,
2001,2204,Eddie,Griffin,PF-SF,6' 9.25'',,222,7' 3'',9' 2'',4.0,,
2001,2239,Trenton,Hassell,SG-SF,6' 4.25'',,205,6' 8'',8' 3.5'',5.3,,
2001,2213,Kirk,Haston,PF-SF,6' 8'',,242,7' 0.25'',8' 10'',10.5,,
2001,12153,Charles,Hathaway,C,6' 8'',,274,7' 2'',8' 11.5'',,,
2001,2217,Brendan,Haywood,C,6' 11.75'',,266,7' 6.5'',9' 5.5'',12.9,,
2001,12154,Michael,Hicks,SG,6' 4'',,197,6' 9.25'',8' 4.5'',7.3,,
2001,2212,Steven,Hunter,C-PF,6' 10.25'',,224,7' 4'',9' 0'',5.3,,
2001,12155,Andre,Hutson,PF,6' 8.25'',,244,6' 11.75'',8' 9.5'',11.7,,
2001,12156,Nate,James,SF,6' 4.75'',,196,6' 10.75'',8' 7'',6.0,,
2001,2210,Richard,Jefferson,SF,6' 7.25'',,223,7' 0'',8' 7'',6.7,,
2001,2798,Horace,Jenkins,PG,5' 11.75'',,171,6' 5.25'',8' 1'',6.0,,
2001,12157,Darrell,Johns,C,6' 11.25'',,278,7' 5'',9' 3.5'',19.1,,
2001,2207,Joe,Johnson,SF-SG,6' 6.75'',,226,6' 9'',8' 9'',6.7,,
2001,2256,Ken,Johnson,C,6' 10.75'',,227,7' 4'',9' 1.5'',9.9,,
2001,12158,Darren,Kelly,SG-PG,6' 2'',,178,6' 6.75'',8' 4'',6.7,,
2001,2253,Sean,Lampley,SF,6' 5.5'',,213,6' 9.25'',8' 5'',8.0,,
2001,12159,Zach,Marbury,PG-SG,6' 1.25'',,183,6' 3.5'',8' 0.5'',6.7,,
2001,12160,Mike,Mardesich,C-PF,6' 10.25'',,247,7' 0.5'',9' 0.5'',13.6,,
2001,12161,DeMarcus,Minor,SG,6' 3.25'',,207,6' 8.25'',8' 3.5'',6.7,,
2001,200081,Jamario,Moon,SF,6' 6.5'',,185,6' 11.5'',8' 7'',5.3,,
2001,2211,Troy,Murphy,PF,6' 9.75'',,230,6' 11'',8' 9.5'',11.7,,
2001,12162,Troy,Ostler,PF-SF,6' 8.75'',,200,7' 1.5'',8' 10.5'',8.0,,
2001,40046,Lazaros,Papadopoulos,C-PF,6' 10.25'',,227,7' 2.5'',9' 2.5'',11.7,,
2001,12164,Rashad,Phillips,PG,5' 9'',,166,6' 1.5'',7' 8'',12.4,,
2001,12165,Demetrius,Porter,PG,5' 10.75'',,178,6' 2.75'',7' 10'',12.4,,
2001,12166,Martin,Rancik,PF-SF,6' 8.75'',,230,6' 8'',8' 6.5'',8.0,,
2001,2202,Jason,Richardson,SF-SG,6' 4.75'',,213,6' 11.5'',8' 6.5'',5.3,,
2001,2369,Norman,Richardson,SG,6' 3.5'',,180,6' 4.5'',8' 3'',6.0,,
2001,2219,Jeryl,Sasser,PG-SG,6' 5.5'',,194,6' 10.5'',8' 7.5'',6.7,,
2001,12167,Kenny,Satterfield,PG,6' 1'',,176,6' 4.5'',8' 2'',6.7,,
2001,2243,Brian,Scalabrine,PF-SF,6' 8.75'',,241,6' 9.75'',8' 9.5'',13.6,,
2001,12168,Lee,Scruggs,PF-SF,6' 10.25'',,209,7' 5.75'',9' 2.5'',10.5,,
2001,2250,Bobby,Simmons,SF,6' 6.25'',,235,7' 0.25'',8' 9'',6.7,,
2001,2226,Will,Solomon,PG-SG,5' 11.75'',,172,6' 9.5'',8' 3.5'',4.0,,
2001,12169,Greg,Stevenson,SF,6' 3.75'',,215,7' 0.5'',8' 6'',7.3,,
2001,12170,Damone,Thornton,PF,6' 6.75'',,235,7' 1.75'',8' 7.75'',8.0,,
2001,2224,Jamaal,Tinsley,PG,6' 0.75'',,199,6' 7.5'',8' 1.5'',13.6,,
2001,12171,Tory,Walker,SF,6' 6.75'',,187,6' 11.25'',8' 8.5'',6.7,,
2001,12172,Souleymane,Wane,C,6' 8.5'',,235,7' 5'',9' 1'',11.2,,
2001,2248,Earl,Watson,PG,6' 0'',,184,6' 6.75'',8' 1'',4.0,,
2001,2206,Rodney,White,SF,6' 7.5'',,243,6' 11.5'',8' 8.5'',9.3,,
2001,2254,Loren,Woods,C-PF,7' 0.75'',,246,7' 5.5'',9' 5'',9.3,,
2001,12040,Brent,Wright,PF-SF,6' 7.75'',,236,7' 1.5'',8' 9.5'',12.4,,
2001,12041,Michael,Wright,PF,6' 7'',,247,6' 11.5'',8' 10.5'',9.3,,
2002,2403,Nene, ,PF,6' 9.25'',,253,7' 4.5'',9' 1'',,,
2002,2425,Robert,Archibald,PF-C,6' 10'',,250,6' 11.75'',9' 1.5'',,,
2002,2486,Maurice,Baker,PG,5' 11.75'',,178,6' 4'',8' 0'',,,
2002,2440,Matt,Barnes,SF,6' 6.75'',,226,6' 9'',8' 0.5'',,,
2002,12286,Lubos,Barton,SF-SG,6' 6.5'',,221,7' 0'',8' 11'',,,
2002,2437,Lonny,Baxter,PF-C,6' 6.25'',,264,7' 1.5'',8' 11.5'',,,
2002,12287,Lee,Benson,SF-PF,6' 8.25'',,217,7' 1.75'',9' 1'',,,
2002,2430,Carlos,Boozer,PF,6' 7.75'',,258,7' 2.25'',9' 0.5'',,,
2002,2414,Curtis,Borchardt,C,6' 10.75'',,238,7' 2.5'',9' 4'',,,
2002,2452,J.R.,Bremer,SG-PG,6' 1.25'',,188,6' 2.25'',8' 0'',,,
2002,12288,Brian,Brown,PG-SG,6' 2.5'',,194,6' 7'',8' 3'',,,
2002,12289,Sylvere,Bryan,PF,6' 9'',,226,7' 4.5'',9' 1.5'',,,
2002,12290,Chris,Burgess,C,6' 10'',,246,6' 11.5'',9' 1'',,,
2002,2406,Caron,Butler,SF-SG,6' 5.25'',,222,6' 11.5'',8' 7.5'',,,
2002,2446,Rasual,Butler,SF,6' 6.75'',,198,7' 0'',8' 9.5'',,,
2002,12291,Mire,Chatman,PG-SG,6' 0'',,174,6' 6'',8' 2'',,,
2002,12042,Chris,Christoffersen,C,7' 0.75'',,291,7' 3.5'',9' 1'',,,
2002,12043,Lenny,Cooke,SG-SF,6' 5.5'',,214,7' 1'',8' 11'',,,
2002,12044,Craig,Dawson,SG-SF,6' 3.5'',,200,6' 6.25'',8' 6'',,,
2002,2399,Mike,Dunleavy,SF,6' 8'',,230,6' 9'',8' 10'',,,
2002,12045,Teddy,Dupay,PG,5' 9.5'',,178,5' 10.75'',7' 6.5'',,,
2002,2451,Corsley,Edwards,PF,6' 7.25'',,285,6' 10.75'',8' 10.5'',,,
2002,12046,Andy,Ellis,PF,6' 9.25'',,220,6' 10.25'',8' 6'',,,
2002,2408,Melvin,Ely,PF,6' 9'',,240,7' 4'',9' 3'',,,
2002,2501,Reggie,Evans,PF,6' 7.5'',,250,7' 2.5'',8' 11.5'',,,
2002,12047,Peter,Fehse,PF-C,6' 10'',,220,7' 0.5'',9' 1'',,,
2002,2400,Drew,Gooden,PF,6' 8.75'',,227,7' 0.5'',8' 10.5'',,,
2002,12066,David,Graves,SG,6' 4.5'',,212,6' 7'',8' 5'',,,
2002,2696,Lynn,Greer,PG,6' 0.25'',,170,6' 1'',7' 10.5'',,,
2002,12067,Rod,Grizzard,SF-SG,6' 6'',,193,7' 0'',8' 11'',,,
2002,101219,Anthony,Grundy,PG-SG,6' 0.75'',,167,6' 7.75'',8' 3'',,,
2002,2409,Marcus,Haislip,PF,6' 8.5'',,221,7' 0'',8' 11'',,,
2002,12068,Damon,Hancock,SG-PG,6' 2.75'',,203,6' 6'',8' 3.5'',,,
2002,12069,Greg,Harrington,PG,6' 1'',,183,6' 3.75'',8' 1'',,,
2002,2617,Udonis,Haslem,PF,6' 7.75'',,250,6' 11'',8' 11'',,,
2002,12070,Cordell,Henry,PG,5' 8'',,155,6' 1'',7' 8'',,,
2002,2450,Randy,Holcomb,SF-PF,6' 7'',,225,7' 1'',8' 9'',,,
2002,2415,Ryan,Humphrey,PF-SF,6' 6'',,223,7' 0'',8' 8.5'',,,
2002,2407,Jared,Jeffries,PF,6' 10'',,230,7' 0.5'',9' 1'',,,
2002,12049,Jason,Jennings,C,6' 11.25'',,249,7' 7'',9' 3'',,,
2002,2410,Fred,Jones,SG,6' 2.25'',,218,7' 0'',8' 4'',,,
2002,2495,Lonnie,Jones,C-PF,6' 10.25'',,230,7' 2.25'',9' 4'',,,
2002,2435,Mario,Kasun,C,6' 11.75'',,260,6' 11.5'',9' 1'',,,
2002,12050,Sean,Kennedy,PG,6' 0.75'',,182,6' 2.5'',8' 0'',,,
2002,12051,Kris,Lang,C-PF,6' 9.25'',,242,6' 11.75'',9' 1'',,,
2002,12052,Muhammed,Lasege,C-PF,6' 8.75'',,228,7' 2'',9' 0.5'',,,
2002,12053,Steve,Logan,PG,5' 10'',,207,5' 11.75'',7' 8.5'',,,
2002,2677,Kevin,Lyde,C-PF,6' 8.75'',,278,7' 2'',9' 1.5'',,,
2002,2432,Tito,Maddox,PG,6' 3'',,200,6' 5'',8' 3'',,,
2002,12054,Kei,Madison,SF,6' 7.75'',,216,7' 0.5'',8' 11'',,,
2002,-1,Chris,Massie,PF,6' 6.25'',,248,7' 0'',8' 11'',,,
2002,12055,Immanuel,McElroy,SG,6' 2.25'',,191,6' 6.5'',8' 4'',,,
2002,12056,Aaron,McGhee,PF-SF,6' 7'',,255,6' 10'',8' 9.5'',,,
2002,12057,Elvin,Mims,SF-SG,6' 4.25'',,211,7' 1.5'',8' 9.5'',,,
2002,12058,Byron,Mouton,SG-SF,6' 4.5'',,213,6' 10.25'',8' 6'',,,
2002,2436,Ronald,Murray,SG,6' 3'',,197,6' 7.5'',8' 4.5'',,,
2002,12059,Uche,Okafor,PF-C,6' 9'',,229,7' 5.5'',9' 4'',,,
2002,2442,Chris,Owens,PF-SF,6' 7'',,237,6' 11.5'',8' 8'',,,
2002,2457,Jannero,Pargo,PG,6' 0.25'',,168,6' 2.5'',8' 0'',,,
2002,2470,Smush,Parker,PG-SG,6' 2.5'',,179,6' 10'',8' 11.5'',,,
2002,2458,Luke,Recker,SG-SF,6' 4.75'',,198,6' 7'',8' 5'',,,
2002,12061,Rolan,Roberts,PF,6' 5.75'',,241,7' 1'',8' 9.5'',,,
2002,12062,Travis,Robinson,SF,6' 5.25'',,211,6' 10.5'',8' 8.5'',,,
2002,2416,Kareem,Rush,SG-SF,6' 4.75'',,199,6' 9.75'',8' 7.5'',,,
2002,12063,Brooks,Sales,PF-C,6' 9'',,232,6' 10'',9' 0'',,,
2002,2422,John,Salmons,SF-SG,6' 5.5'',,207,6' 10.25'',8' 8'',,,
2002,2453,Predrag,Savovic,SG,6' 4.75'',,212,6' 7'',8' 6'',,,
2002,201324,Julian,Sensley,PF-SF,6' 7'',,228,6' 11.5'',8' 9.5'',,,
2002,12064,Israel,Sheinfeld,PF-C,6' 8.25'',,239,6' 9.75'',8' 10.5'',,,
2002,12065,Preston,Shumpert,SF,6' 6'',,197,6' 8.5'',8' 7.5'',,,
2002,2447,Tamar,Slay,SF,6' 6.75'',,203,6' 11.5'',8' 8'',,,
2002,2443,Darius,Songaila,PF,6' 8'',,240,7' 1'',9' 0.5'',,,
2002,2405,Amar'e,Stoudemire,PF,6' 8.5'',,233,7' 1.75'',9' 0.5'',,,
2002,2445,Marcus,Taylor,PG,6' 1'',,181,6' 4.5'',8' 2.5'',,,
2002,12297,Jobey,Thomas,SG,6' 2.75'',,183,6' 5.75'',8' 3.5'',,,
2002,2402,Dajuan,Wagner,PG-SG,6' 0.75'',,193,6' 2'',8' 3'',,,
2002,2404,Chris,Wilcox,PF-C,6' 8.25'',,218,7' 1'',8' 11.5'',,,
2002,2398,Jay,Williams,PG,6' 0.25'',,197,6' 3.5'',8' 1'',,,
2002,2421,Frank,Williams,PG,6' 1.5'',,212,6' 8'',8' 4.5'',,,
2002,2465,George,Williams,PF-SF,6' 5.75'',,214,7' 0.5'',8' 7'',,,
2002,2417,Qyntel,Woods,SF-SG,6' 7'',,213,6' 10'',8' 9'',,,
2002,2428,Vincent,Yarbrough,SF,6' 5.5'',,202,7' 0.5'',8' 8.5'',,,
2003,200995,Aloysius,Anagonye,PF,6' 6.75'',,257,7' 2.5'',8' 10'',10.5,,
2003,12072,Rick,Anderson,SF-PF,6' 8.25'',,216,6' 11'',8' 10.5'',9.9,,
2003,2546,Carmelo,Anthony,SF,6' 6.25'',,233,7' 0'',8' 9.5'',8.0,,
2003,2602,Jerome,Beasley,SF-PF,6' 9'',,237,7' 0.5'',8' 11'',9.9,,
2003,2559,Troy,Bell,PG,6' 0.25'',,178,6' 5'',8' 1.5'',5.3,,
2003,12073,LaVell,Blanchard,SF,6' 6'',,205,6' 6'',8' 5.5'',11.7,,
2003,2586,Keith,Bogans,SG,6' 4.25'',,213,6' 9.25'',8' 5'',8.0,,
2003,2588,Matt,Bonner,PF-SF,6' 8.5'',,242,6' 8.75'',8' 9.5'',13.6,,
2003,2547,Chris,Bosh,PF,6' 10.25'',,225,7' 3.5'',9' 1'',8.0,,
2003,2651,Jermaine,Boyette,PG-SG,6' 1'',,187,6' 4'',8' 0'',7.3,,
2003,12295,Souleymane,Camara,PF-SF,6' 9.75'',,211.0,7' 2.25'',9' 1'',9.9,,
2003,2679,Matt,Carroll,SG-SF,6' 5'',,207,6' 6.5'',8' 2.5'',6.7,,
2003,2555,Nick,Collison,PF,6' 8.75'',,255,7' 1.5'',9' 0'',17.0,,
2003,2567,Brian,Cook,PF-SF,6' 9.5'',,234,7' 2'',9' 1'',10.5,,
2003,12074,Joel,Cornette,PF-SF,6' 8.25'',,239,6' 9.25'',8' 9.5'',12.9,,
2003,2605,Marquis,Daniels,SG-PG,6' 5.25'',,198,6' 10'',8' 7.5'',4.0,,
2003,12075,Aleksander,Djuric,C-PF,6' 10'',,253,7' 0'',9' 0'',16.3,,
2003,12076,Ruben,Douglas,SG,6' 3.5'',,193,6' 7.25'',8' 4.5'',6.0,,
2003,2648,Ronald,Dupree,SF-SG,6' 6'',,209,6' 8.25'',8' 5'',6.7,,
2003,2606,Carl,English,SG-PG,6' 4'',,201,6' 5.25'',8' 2.5'',8.0,,
2003,12077,Ebi,Ere,SG,6' 3.5'',,210,6' 10.5'',8' 6'',14.1,,
2003,12078,Marquis,Estill,PF-C,6' 8.5'',,257,7' 4'',9' 0'',11.7,,
2003,2551,T.J.,Ford,PG,5' 11'',,162,5' 11.5'',7' 9.5'',6.7,,
2003,12079,Jason,Gardner,PG,5' 9.75'',,194,6' 1'',7' 8'',9.3,,
2003,2584,Willie,Green,SG-PG,6' 2.5'',,201,6' 7.25'',8' 4'',8.0,,
2003,12080,Justin,Hamilton,PG-SG,6' 3'',,217,6' 11'',8' 7'',8.0,,
2003,2580,Travis,Hansen,SG,6' 4.5'',,200,6' 6.5'',8' 4.5'',6.0,,
2003,12081,Trevor,Harvey,C-PF,6' 9.5'',,245,7' 1'',9' 1.5'',10.5,,
2003,2618,Marcus,Hatten,PG,6' 0.75'',,163,6' 6.25'',8' 2'',4.0,,
2003,2550,Kirk,Hinrich,PG-SG,6' 2.75'',,186,6' 6'',8' 2.5'',5.3,,
2003,12082,Jerry,Holman,PF,6' 8.75'',,232,7' 3.25'',9' 1.5'',6.0,,
2003,12083,Sam,Hoskin,PF,6' 7.25'',,261,6' 10.75'',8' 11.5'',,,
2003,2572,Josh,Howard,SF-SG,6' 5.25'',,202,7' 2'',8' 9.5'',6.0,,
2003,2599,Brandon,Hunter,PF,6' 6.5'',,266,7' 2.75'',8' 9.5'',8.0,,
2003,12084,Sani,Ibrahim,C-PF,6' 8.5'',,229,7' 1'',9' 1.5'',9.3,,
2003,12085,Michael,Ignerski,PF-SF,6' 9.5'',,232,6' 10.75'',8' 11'',10.5,,
2003,12086,Robert,Jackson,PF-C,6' 7.75'',,254,7' 0'',8' 11.5'',15.9,,
2003,2544,LeBron,James,SF-SG,6' 7.25'',,245,7' 0.25'',8' 10.25'',6.7,,
2003,2639,Britton,Johnsen,SF-PF,6' 10'',,212,6' 10.75'',8' 11.5'',7.3,,
2003,2563,Dahntay,Jones,SG-SF,6' 4.75'',,214,6' 9'',8' 6.5'',2.6,,
2003,2592,James,Jones,SF,6' 7.25'',,218,7' 2.5'',8' 11.5'',6.7,,
2003,2549,Chris,Kaman,C-PF,6' 11.5'',,252,6' 11.75'',9' 2.5'',16.3,,
2003,2574,Jason,Kapono,SG-SF,6' 6.5'',,215,6' 6.5'',8' 6'',11.7,,
2003,12087,Jason,Keep,C-PF,6' 9.75'',,270,7' 0.5'',8' 10.5'',8.6,,
2003,12088,Bernard,King,SG-PG,6' 3.75'',,200,6' 5.5'',8' 2.5'',12.9,,
2003,2688,Brandin,Knight,PG,5' 11.75'',,190,6' 6'',7' 11.5'',10.5,,
2003,2594,Kyle,Korver,SF,6' 6.25'',,211,6' 9.5'',8' 6.5'',6.7,,
2003,2591,James,Lang,C-PF,6' 8.25'',,316,7' 6.25'',9' 2'',21.4,,
2003,12089,Donald,Little,PF-C,6' 9.5'',,229,7' 3'',8' 1'',7.3,,
2003,2658,Chris,Marcus,C,7' 0'',,334,7' 8'',9' 6'',23.1,,
2003,12090,Chris,Massie,PF-C,6' 6.5'',,259,7' 1'',8' 10.5'',14.8,,
2003,12091,Will,McDonald,C-PF,6' 9.5'',,258,7' 3.5'',9' 1.5'',13.6,,
2003,2545,Darko,Milicic,PF,6' 11.5'',,250,7' 5'',9' 3.5'',8.0,,
2003,12092,Jeff,Newton,PF,6' 8'',,199,7' 1'',8' 10'',5.3,,
2003,12093,Uche,Nsonwu-Amadi,PF-C,6' 7.75'',,246,7' 3.75'',8' 10.5'',6.0,,
2003,12094,Ugonna,Okyekwe,SF,6' 7.25'',,228,7' 3'',9' 1'',4.3,,
2003,101248,Marlon,Parmer,PG,6' 0.75'',,184,6' 3.5'',8' 1'',9.3,,
2003,12095,Stephane,Pelle,PF-SF,6' 7'',,246,7' 2'',8' 11'',12.4,,
2003,2632,Kirk,Penney,SG-SF,6' 5'',,218,6' 5.25'',8' 1'',8.0,,
2003,2750,Pavel,Podkolzin,C,7' 3.5'',,303,7' 5.75'',9' 8'',16.3,,
2003,2694,Josh,Powell,PF-SF,6' 8'',,227,7' 1'',8' 11.5'',8.0,,
2003,12096,Hollis,Price,PG-SG,5' 11.5'',,165,6' 4.5'',7' 10.5'',7.3,,
2003,2557,Luke,Ridnour,PG,6' 1'',,167,6' 3'',7' 11.5'',5.3,,
2003,12097,Joe,Shipp,SG,6' 4'',,224,6' 10'',8' 7'',11.7,,
2003,12098,Ron,Slay,SF-PF,6' 6'',,236,6' 10'',8' 7.5'',16.3,,
2003,2596,Tommy,Smith,PF-SF,6' 9'',,200,7' 2.5'',8' 11.5'',6.7,,
2003,2604,Theron,Smith,PF-SF,6' 6.5'',,234,6' 10.25'',8' 8.5'',9.3,,
2003,12099,Marvin,Stone,C-PF,6' 9.5'',,261,7' 3.5'',9' 1.5'',17.4,,
2003,2552,Michael,Sweetney,PF,6' 7.25'',,262,7' 1'',8' 11.5'',14.1,,
2003,2756,Sasha,Vujacic,PG-SG,6' 5.5'',,193,6' 5.5'',8' 5'',14.1,,
2003,2548,Dwyane,Wade,SG-SF,6' 3.75'',,212,6' 10.75'',8' 6'',6.7,,
2003,12101,Wayne,Wallace,PF,6' 7.25'',,187,7' 2'',9' 0'',4.6,,
2003,2575,Luke,Walton,SF-PF,6' 7.75'',,235,6' 8.5'',8' 8'',9.3,,
2003,2561,David,West,PF-SF,6' 8.25'',,226,7' 4.25'',9' 0.25'',8.0,,
2003,2590,Mo,Williams,PG-SG,6' 0.75'',,189,6' 5.5'',8' 2.5'',6.7,,
2003,12102,Wesley,Wilson,C-PF,6' 10.25'',,257,7' 3'',9' 2.5'',12.4,,
2003,12103,Doug,Wrenn,SF-PF,6' 5.75'',,220,7' 7.5'',8' 4.5'',7.3,,
2003,2583,Derrick,Zimmerman,PG,6' 1'',,190,6' 9'',8' .25'',5.3,,
2004,2754,Tony,Allen,SG,6' 3.5'',6' 4.25'',214,6' 9'',8' 6'',6.7,,
2004,2772,Trevor,Ariza,SG-SF,6' 7'',6' 8.25'',201,7' 2'',8' 11.5'',8.0,,
2004,2857,Andre,Barrett,PG,5' 8.75'',5' 9.75'',171,6' 1'',7' 8'',6.7,,
2004,101138,Brandon,Bass,PF,6' 6.25'',6' 7.25'',246,7' 2.5'',8' 10.5'',9.3,,
2004,2740,Andris,Biedrins,C,,,,,,9.3,,
2004,2800,Tony,Bobbitt,SG,6' 2.75'',6' 4'',185,6' 7'',8' 4'',7.3,,
2004,12173,Brian,Boddicker,SF-PF,6' 7.5'',6' 8.75'',230,6' 10'',8' 9.5'',11.2,,
2004,12174,Tim,Bowers,PG-SG,6' 0.5'',6' 1.75'',181,6' 9'',8' 2'',2.6,,
2004,2810,Andre,Brown,PF-C,6' 8'',6' 9.5'',236,6' 11'',8' 11'',6.0,,
2004,2766,Antonio,Burks,PG,6' 0'',6' 0.75'',191,6' 6.5'',8' 0.5'',9.9,,
2004,2866,Jackie,Butler,C,6' 8'',6' 9.5'',263,7' 1.5'',9' 1'',16.3,,
2004,12175,Aleksandar,Capin,PG,6' 0'',6' 1.25'',176,6' 1.5'',7' 10'',9.3,,
2004,12176,Ales,Chan,C,7' 0'',7' 2'',255,7' 3'',9' 5'',14.8,,
2004,2735,Josh,Childress,SG-SF,6' 5.75'',6' 7.25'',196,6' 11'',8' 9'',9.3,,
2004,200555,TJ,Cummings,SF,6' 7.5'',6' 8.75'',215,6' 9.5'',8' 10.5'',6.7,,
2004,2845,Erik,Daniels,SF-PF,6' 6.25'',6' 7.5'',223,6' 11'',8' 10'',18.5,,
2004,2736,Luol,Deng,SF,6' 7'',6' 8'',220,7' 0.5'',9' 0.5'',6.7,,
2004,12177,Marcus,Douthit,C-PF,6' 9.5'',6' 11'',223,7' 4'',9' 3.5'',13.7,,
2004,2768,Chris,Duhon,PG,6' 0'',6' 1.25'',193,6' 6.5'',8' 2'',6.7,,
2004,2823,John,Edwards,C,6' 11.25'',7' 1'',264,7' 4.5'',9' 5'',14.1,,
2004,2765,Andre,Emmett,SG-SF,6' 3.5'',6' 4.5'',216,6' 9'',8' 4'',6.7,,
2004,2824,Desmon,Farmer,SG,6' 4.5'',6' 5.75'',214,6' 8.5'',8' 7'',5.3,,
2004,2784,Luis,Flores,PG-SG,6' 0.5'',6' 1.75'',202,6' 7.5'',8' 2.5'',6.0,,
2004,2782,Matt,Freije,SF-PF,6' 8.25'',6' 9.5'',234,7' 1'',9' 0.5'',10.8,,
2004,12178,Chris,Garnett,C-PF,6' 8.25'',6' 9.75'',260,7' 1'',9' 0'',14.8,,
2004,101155,Ryan,Gomes,SF-PF,6' 6.5'',6' 7.75'',248,7' 2'',8' 10.5'',,,
2004,2732,Ben,Gordon,PG-SG,6' 1'',6' 2.25'',192,6' 8.5'',8' 3'',5.3,,
2004,2734,Devin,Harris,PG,6' 1.75'',6' 3'',170,6' 7.5'',8' 2.5'',5.3,,
2004,2730,Dwight,Howard,PF-C,6' 9'',6' 10.25'',240,7' 4.5'',9' 3.5'',10.5,,
2004,12179,Rolando,Howell,PF,6' 7.5'',6' 8.5'',229,7' 0.5'',8' 11'',11.7,,
2004,2743,Kris,Humphries,PF,6' 8.25'',6' 9.5'',238,7' 0.5'',8' 10.5'',6.7,,
2004,2738,Andre,Iguodala,SG-SF,6' 5.75'',6' 6.75'',217,6' 11'',8' 9.5'',6.7,,
2004,12180,Martin,Iti,C-PF,6' 8.5'',6' 9.75'',233,7' 5'',9' 3.5'',10.5,,
2004,2739,Luke,Jackson,SF-SG,6' 6'',6' 7'',212,6' 8.5'',8' 7'',8.0,,
2004,2744,Al,Jefferson,PF-SF,6' 8.5'',6' 9.75'',263,7' 2.5'',9' 2'',10.5,,
2004,2865,Arthur,Johnson,PF-C,6' 7'',6' 8.5'',262,7' 3'',9' 1'',16.3,,
2004,12181,Ivan,Koljevic,PG,6' 1'',6' 2'',172,6' 2.5'',7' 11'',6.7,,
2004,12182,Herve,Lamizana,SF-PF,6' 7.5'',6' 8.5'',210,7' 1.5'',8' 11'',6.7,,
2004,2778,Sergei,Lishouk,PF-SF,6' 10.25'',6' 11.5'',244,7' 0'',9' 1.5'',10.5,,
2004,2733,Shaun,Livingston,PG-SG,6' 6.25'',6' 7.5'',186,6' 11'',8' 9.5'',6.7,,
2004,12184,Jaime,Lloreda,PF,6' 6.75'',6' 8.5'',247,6' 9.5'',8' 11'',9.9,,
2004,12000,Bryant,Matthews,SF-SG,6' 5.75'',6' 6.75'',206,7' 0.5'',8' 9.5'',6.7,,
2004,12001,Marcus,Melvin,SF-PF,6' 6.75'',6' 8.5'',241,7' 0'',8' 9.5'',10.5,,
2004,2822,Rich,Melzer,PF-SF,6' 7.5'',6' 8.75'',229,7' 2'',8' 11'',12.4,,
2004,2777,Ricky,Minard,PG-SG,6' 3.25'',6' 4.25'',198,6' 7'',8' 5.5'',8.0,,
2004,12002,James,Moore,PF-SF,6' 6.5'',6' 8'',198,7' 0.5'',8' 11'',8.0,,
2004,12003,Marcus,Moore,PG-SG,6' 4'',6' 5.25'',202,6' 9'',8' 5.5'',14.8,,
2004,12004,Michel,Morandais,SG-SF,6' 3.75'',6' 4.75'',205,6' 11.5'',8' 6'',8.6,,
2004,2749,Jameer,Nelson,PG,5' 11'',6' 0.5'',199,6' 2.5'',7' 11'',8.0,,
2004,12005,Misan,Nikagbatse,SG-PG,6' 3.5'',6' 4.75'',223,6' 10'',8' 6'',12.9,,
2004,2731,Emeka,Okafor,C-PF,6' 8.75'',6' 10'',257,7' 4'',9' 2.5'',5.3,,
2004,12006,Randall,Orr,PF-SF,6' 9'',6' 10.75'',193,6' 10.5'',8' 11.5'',6.7,,
2004,12007,Dylan,Page,SF,6' 7.5'',6' 8.75'',239,6' 7'',8' 9'',12.3,,
2004,-1,Drago,Pasalic,PF,6' 9.25'',6' 10.75'',231,6' 11.5'',9' 0'',12.9,,
2004,12008,Rickey,Paulding,SG,6' 2.75'',6' 4'',210,6' 9.5'',8' 5.5'',5.3,,
2004,12009,Kelvin,Pena,SG-PG,6' 2.25'',6' 3.25'',182,6' 6.5'',8' 3.5'',8.6,,
2004,2773,Tim,Pickett,PG-SG,6' 3'',6' 4.25'',207,6' 7.5'',8' 4.5'',6.0,,
2004,12010,Omar,Quintero,PG,5' 9.75'',5' 11.25'',170,5' 11.5'',7' 8.5'',14.1,,
2004,2762,Peter,Ramos,C,7' 1.75'',7' 3.25'',266,7' 5.5'',9' 3.5'',6.7,,
2004,2876,Jared,Reiner,C-PF,6' 10'',6' 11.75'',246,7' 0.5'',9' 1'',12.9,,
2004,101160,Lawrence,Roberts,PF,6' 7.5'',6' 9'',233,6' 9.5'',8' 10.5'',9.3,,
2004,2774,Bernard,Robinson,SG-SF,6' 5.25'',6' 6.5'',208,6' 10'',8' 6'',6.0,,
2004,101126,Nate,Robinson,PG,5' 7.75'',5' 9'',181,6' 1'',7' 7.5'',6.7,,
2004,12011,Aerick,Sanders,PF,6' 6.5'',6' 7.5'',205,6' 11.5'',8' 10'',6.7,,
2004,2781,Romain,Sato,SG,6' 2'',6' 3.25'',204,6' 11'',8' 6.5'',6.0,,
2004,12012,Blagota,Sekulic,SF-PF,6' 9.25'',6' 10.5'',234,6' 11'',8' 11'',9.3,,
2004,2746,Josh,Smith,SG-SF,6' 7'',6' 8.25'',221,7' 0'',8' 10.5'',6.7,,
2004,2747,J.R.,Smith,SG-SF,6' 5.5'',6' 6.75'',227,6' 10'',8' 8'',6.7,,
2004,2745,Kirk,Snyder,SG-SF,6' 6'',6' 6.75'',228,6' 9'',8' 8'',9.3,,
2004,2776,Pape,Sow,PF-C,6' 8.5'',6' 10'',233,7' 2'',9' 0.5'',9.3,,
2004,12014,Tiago,Splitter,C-PF,6' 10.25'',6' 11.75'',233,7' 2'',9' 1.5'',5.3,,
2004,12015,Blake,Stepp,PG,,,,,,8.0,,
2004,12016,Tom,Timmerrmans,PF-C,6' 10.5'',6' 11.5'',272,6' 11'',8' 11.5'',15.2,,
2004,12296,Marko,Tomas,SG-PG,6' 6.5'',6' 7.75'',198,6' 7'',8' 7.5'',9.3,,
2004,2757,Beno,Udrih,PG,6' 2.5'',6' 3.75'',199,6' 4.5'',8' 2'',9.3,,
2004,2761,Jackson,Vroman,PF-C,6' 9.25'',6' 10.75'',226,7' 0'',8' 9.5'',6.7,,
2004,2753,Delonte,West,PG-SG,6' 1.5'',6' 2.75'',183,6' 6'',8' 3.5'',6.7,,
2004,2863,Damien,Wilkins,SG-SF,6' 4.5'',6' 6'',222,7' 0'',8' 10'',7.3,,
2004,12292,Mike,Williams,SF,6' 5.5'',6' 6.5'',197,6' 11.5'',8' 9.5'',9.3,,
2004,12293,Nate,Williams,PF-SF,6' 8.5'',6' 10'',240,7' 1.5'',9' 1.5'',12.4,,
2004,12294,Rashad,Wright,PG,6' 0.5'',6' 1.75'',190,6' 10'',8' 2.5'',8.0,,
2005,101165,Alex,Acker,SG,6' 3.75'',6' 4.75'',183,7' 0'',8' 6.5'',,,
2005,101224,Deji,Akindele,C-PF,6' 9.5'',6' 11'',236.4,7' 3'',9' 0.5'',,,
2005,200969,Mustafa,Al-Sayyad,PF-C,,,,,,,,
2005,12104,Nemanja,Aleksandrov,PF-SF,6' 10'',7' 0'',220.6,6' 11'',9' 2'',,,
2005,101187,Alan,Anderson,SG-SF,6' 4.5'',6' 6'',223.2,6' 9.5'',8' 8'',,,
2005,101149,Martynas,Andriuskevicius,C-PF,7' 1.25'',7' 3'',227.8,6' 11.25'',9' 4.5'',,,
2005,101252,Sean,Banks,SF,6' 5.75'',6' 7'',206.4,7' 1'',9' 0'',,,
2005,101188,Eddie,Basden,SG-SF,6' 4.25'',6' 5.5'',210,6' 10.25'',8' 5'',,,
2005,12105,Mike,Bell,SF-PF,6' 8.75'',6' 9.25'',206.2,7' 1.5'',8' 8.5'',,,
2005,101106,Andrew,Bogut,C-PF,6' 11'',7' 0.25'',250.6,7' 3'',9' 2.5'',,,
2005,200793,Dee,Brown,PG-SG,5' 11'',6' 0'',179,6' 2'',7' 10'',,,
2005,101198,Will,Bynum,PG-SG,5' 10.5'',5' 11.5'',188.8,6' 3.5'',7' 9'',,,
2005,12106,Marcus,Campbell,C,6' 10.25'',7' 0.25'',280.4,7' 6'',9' 6'',,,
2005,101215,Will,Conroy,PG,6' 1'',6' 2'',188.6,6' 3'',8' 0.5'',,,
2005,12107,Taylor,Coppenrath,PF-SF,6' 7.75'',6' 9.25'',252.4,6' 11.5'',8' 10.5'',,,
2005,101143,Travis,Diener,PG-SG,5' 11.75'',6' 1'',165.2,5' 11.75'',7' 9.5'',,,
2005,101113,Ike,Diogu,PF,6' 6.5'',6' 8'',255.4,7' 3.5'',9' 1'',,,
2005,12108,Daryl,Dorsey,PG,5' 11.25'',6' 0.5'',160.8,5' 11.5'',7' 10'',,,
2005,101145,Monta,Ellis,SG-PG,6' 2.25'',6' 3.25'',176.6,6' 2.75'',8' 2'',,,
2005,101109,Raymond,Felton,PG,5' 11.5'',6' 0.25'',199.4,6' 4.25'',8' 2'',,,
2005,201164,Rudy,Fernandez,SG,6' 4.75'',6' 6'',172,6' 7.5'',8' 5.5'',,,
2005,12109,D'Or,Fischer,C-PF,6' 9.25'',6' 10.5'',242.4,7' 6'',9' 2.5'',,,
2005,12110,Eddy,Fobbs,C-PF,6' 10.25'',6' 11.25'',235.2,7' 6.75'',9' 3.5'',,,
2005,101213,Sharrod,Ford,PF,6' 7.25'',6' 8.25'',212.8,7' 1.5'',8' 10'',,,
2005,101112,Channing,Frye,PF-C,6' 9.5'',6' 10.5'',243.6,7' 2.5'',9' 2.5'',,,
2005,101184,Deng,Gai,PF-C,6' 7.75'',6' 9.25'',214,7' 4.5'',9' 2.5'',,,
2005,101128,Francisco,Garcia,SF-SG,6' 5.75'',6' 7'',189.6,6' 10.75'',8' 7'',,,
2005,12111,John,Gilchrist,PG,6' 1.25'',6' 2.5'',195.2,6' 9.25'',8' 0.5'',,,
2005,101162,Marcin,Gortat,PF-C,6' 11'',7' 0'',225.2,7' 3.5'',9' 2'',,,
2005,101121,Joey,Graham,SF,6' 5.25'',6' 6.5'',216.6,6' 8'',8' 8'',,,
2005,101122,Danny,Granger,,6' 7.5'',6' 8.5'',225.4,7' 1.5'',8' 7'',,,
2005,101123,Gerald,Green,SF,6' 6'',6' 7.25'',192,6' 9.75'',8' 8'',,,
2005,101236,Charles,Hayes,SF-PF,6' 5.5'',6' 6.75'',232.4,6' 10'',8' 8.5'',,,
2005,101129,Luther,Head,PG-SG,6' 2'',6' 3'',178.8,6' 5.25'',8' 2.5'',,,
2005,101125,Julius,Hodge,SG-SF,6' 6'',6' 7'',202.2,7' 0.5'',8' 11.5'',,,
2005,12112,Jared,Homan,C-PF,6' 7.75'',6' 8.75'',248.2,7' 1.25'',8' 8.5'',,,
2005,101141,Ersan,Ilyasova,SF,6' 7.75'',6' 9'',208.8,7' 1.25'',9' 1.5'',,,
2005,101127,Jarrett,Jack,PG,6' 2.5'',6' 3.5'',197.6,6' 7.5'',8' 4'',,,
2005,101204,Dwayne,Jones,C-PF,6' 8.5'',6' 10'',242.2,7' 2.75'',9' 0.5'',,,
2005,12113,Mindaugas,Katelynas,SF-PF,6' 7.5'',6' 8.5'',217,6' 11'',8' 9.5'',,,
2005,201318,Jason,Klotz,C-PF,6' 8.5'',6' 9.75'',249.4,6' 10'',8' 11.5'',,,
2005,-1,Carl,Krauser,PG-SG,5' 11.5'',6' 0.75'',193.4,6' 5.5'',8' 2.5'',,,
2005,101247,Keith,Langford,SG-SF,6' 2.25'',6' 3.5'',203.2,6' 9'',8' 5'',,,
2005,101135,David,Lee,PF,6' 7.75'',6' 9'',229.5,7' 0'',8' 10.5'',,,
2005,12114,David,Lucas,PF,6' 6.5'',6' 7.75'',233.4,7' 0'',8' 7.5'',,,
2005,101249,John,Lucas III,PG,5' 9.25'',5' 10.5'',154.4,6' 0'',7' 8'',,,
2005,101185,Rawle,Marshall,SG-SF,6' 4.5'',6' 5.75'',186.6,7' 1'',8' 8'',,,
2005,101131,Jason,Maxiell,PF,6' 5'',6' 6.25'',257.6,7' 3.25'',8' 11'',,,
2005,101118,Sean,May,PF,6' 7'',6' 8.5'',258.8,7' 1.25'',8' 9'',,,
2005,101119,Rashad,McCants,SG,6' 2.75'',6' 4'',201,6' 10.75'',8' 7.5'',,,
2005,200829,Ivan,McFarlin,PF,6' 5.5'',6' 6.75'',228.6,6' 9'',8' 9.5'',,,
2005,12115,Juan,Mendez,PF-SF,6' 5.25'',6' 6.75'',231.4,7' 0'',8' 10.5'',,,
2005,101223,Aaron,Miles,PG,6' 0'',6' 1.5'',174.6,6' 3.5'',7' 10'',,,
2005,12116,Ellis,Myles,PF,6' 6'',6' 7.25'',255.2,6' 9.75'',8' 9.5'',,,
2005,12117,Larry,O'Bannon,SG,6' 3'',6' 4.25'',196,6' 6'',8' 3.5'',,,
2005,12118,Drago,Pasalic,SF-PF,6' 9.5'',6' 11'',238.8,6' 11.75'',9' 0.5'',,,
2005,101108,Chris,Paul,PG,5' 11.75'',6' 1'',178,6' 4.25'',7' 9'',,,
2005,200819,Kevin,Pittsnogle,PF,6' 9.25'',6' 10.25'',259.2,6' 10.5'',8' 10'',,,
2005,101232,Roger,Powell,SF,6' 4.75'',6' 6'',218.6,6' 11.5'',8' 8'',,,
2005,201225,Carlos,Powell,SF-PF,6' 5.25'',6' 6.75'',221.8,6' 10.75'',8' 9'',,,
2005,101179,Ronnie,Price,PG,6' 0.75'',6' 2.25'',184.8,6' 5.5'',8' 0.5'',,,
2005,101194,Anthony,Roberson,PG,6' 0.75'',6' 2.5'',178.8,6' 2.75'',7' 11'',,,
2005,201575,Brandon,Rush,SG-SF,6' 5'',6' 6.5'',211.4,6' 11.25'',8' 8.5'',,,
2005,101195,Luke,Schenscher,C,6' 11.75'',7' 1.5'',241.6,7' 5'',9' 3.5'',,,
2005,101134,Wayne,Simien,PF,6' 7.25'',6' 9'',255.8,7' 0'',8' 11'',,,
2005,12120,Tre,Simmons,SG-SF,6' 4'',6' 5'',194.2,6' 7.5'',8' 6.5'',,,
2005,12121,David,Simon,C-PF,6' 8'',6' 9.5'',258.8,7' 3.5'',9' 0'',,,
2005,101147,Chris,Taft,PF,6' 8.5'',6' 9.5'',261,7' 1.75'',9' 1'',,,
2005,12119,Omar,Thomas,SF-SG,6' 3.25'',6' 4.5'',200,6' 8'',8' 6'',,,
2005,12122,Chris,Thomas,PG,5' 11.75'',6' 1'',176.2,6' 3'',7' 11'',,,
2005,101159,Dijon,Thompson,SF-SG,6' 6.25'',6' 8'',195.8,6' 9.75'',8' 9.5'',,,
2005,101142,Ronny,Turiaf,PF,6' 8'',6' 9.25'',237.8,7' 1.5'',8' 10.5'',,,
2005,101111,Charlie,Villanueva,PF-SF,6' 9'',6' 9.5'',236.6,7' 0.25'',9' 1'',,,
2005,101124,Hakim,Warrick,PF-SF,6' 7.25'',6' 8.5'',215,7' 2'',9' 0'',,,
2005,101110,Martell,Webster,SF,6' 6'',6' 7.5'',229.6,6' 11'',8' 10'',,,
2005,101156,Robert,Whaley,PF-C,6' 8'',6' 9'',269.4,7' 2'',9' 0'',,,
2005,101107,Marvin,Williams,PF-SF,6' 7'',6' 8.25'',228.2,7' 3.5'',9' 0'',,,
2005,101114,Deron,Williams,PG,6' 1.75'',6' 2.75'',202.4,6' 6.25'',8' 2'',,,
2005,101214,Jawad,Williams,SF,6' 7'',6' 8'',218,7' 1.25'',8' 10.5'',,,
2005,101120,Antoine,Wright,SF-SG,6' 5.25'',6' 6.25'',202.6,6' 8.75'',8' 8.5'',,,
2005,101152,Bracey,Wright,SG-PG,6' 1.25'',6' 2.5'',186.8,6' 10'',8' 4.5'',,,
2006,12123,Kenny,Adeleke,PF-C,6' 6.5'',6' 7.75'',250,6' 10.25'',8' 8'',10.5,,
2006,200772,Maurice,Ager,SG-PG,6' 3.25'',6' 4.5'',203,6' 7.75'',8' 5.5'',8.0,,
2006,200746,LaMarcus,Aldridge,PF-C,6' 10'',6' 11.25'',234,7' 4.75'',9' 2'',8.7,,
2006,201165,Morris,Almond,SG-SF,6' 4.75'',6' 6'',214,6' 10'',8' 6.5'',6.9,,
2006,200811,Lou,Amundson,PF,6' 7.2'',6' 8'',221,6' 11.5'',8' 7.5'',6.8,,
2006,202151,Rashad,Anderson,SG,6' 3.25'',6' 4.5'',224,6' 7'',8' 4'',17.3,,
2006,200756,Hilton,Armstrong,C-PF,6' 9.5'',6' 10.25'',240,7' 4'',9' 1'',6.3,,
2006,200788,James,Augustine,PF,6' 8.25'',6' 9.75'',227,7' 0.25'',8' 8'',5.5,,
2006,200764,Renaldo,Balkman,SF-PF,6' 5.25'',6' 6.5'',206,7' 1'',8' 8.5'',4.9,,
2006,12124,J.P.,Batista,PF,6' 7.5'',6' 8.5'',265,6' 10'',8' 7.5'',12.0,,
2006,200807,Will,Blalock,PG,5' 11.25'',6' 0.5'',194,6' 6'',8' 0.5'',7.2,,
2006,200847,Brandon,Bowman,SF,6' 6.75'',6' 8.25'',209,6' 11.5'',8' 7'',8.4,,
2006,200758,Ronnie,Brewer,SG-PG,6' 5.75'',6' 6.75'',223,6' 11.25'',8' 7.5'',5.0,,
2006,200787,Denham,Brown,SG-SF,6' 4'',6' 5'',218,6' 9.5'',8' 6.5'',9.0,,
2006,12125,Brad,Buckman,PF,6' 7.25'',6' 8.75'',238,7' 0'',8' 11.5'',10.5,,
2006,12126,Nik,Caner-Medley,SF,6' 6.5'',6' 8'',234,6' 9'',8' 7'',9.6,,
2006,200760,Rodney,Carney,SG-SF,6' 4.5'',6' 5.75'',204,6' 10'',8' 7.5'',5.3,,
2006,12127,Keydren,Clark,PG,5' 9'',5' 10.25'',184,6' 2.5'',7' 8.5'',11.6,,
2006,200776,Mardy,Collins,PG-SG,6' 4.25'',6' 5.5'',224,6' 10'',8' 7'',10.0,,
2006,12128,Taquan,Dean,SG-PG,6' 2'',6' 3'',183,6' 6.75'',8' 2'',3.9,,
2006,12129,Terence,Dials,PF-C,6' 7.75'',6' 9'',253,7' 0'',8' 10'',15.8,,
2006,12130,Sean,Dockery,PG-SG,6' 0.75'',6' 2'',182,6' 4.5'',7' 11.5'',7.3,,
2006,200770,Jordan,Farmar,PG,6' 0.75'',6' 2'',171,6' 3'',7' 10.5'',4.4,,
2006,200751,Randy,Foye,SG-PG,6' 2.25'',6' 3.25'',212,6' 6.25'',8' 1'',10.0,,
2006,12185,Torin,Francis,PF-C,6' 9'',6' 10'',247,7' 1'',8' 9.5'',12.4,,
2006,200752,Rudy,Gay,SF-PF,6' 7'',6' 8'',222,7' 3'',8' 11.5'',5.7,,
2006,12186,Nick,George,SF-SG,6' 4'',6' 5.75'',201,6' 10'',8' 7'',6.0,,
2006,12187,Taj,Gray,PF-SF,6' 7.25'',6' 8.5'',231,7' 0.75'',8' 11'',6.8,,
2006,12188,Dan,Grunfeld,SF-SG,6' 4.75'',6' 6'',216,6' 6.25'',8' 3'',10.4,,
2006,12189,Matt,Haryasz,PF-C,6' 9.75'',6' 11'',219,7' 0.25'',8' 11.5'',9.8,,
2006,12190,Eric,Hicks,PF,6' 4.75'',6' 5.5'',238,7' 1.5'',8' 9.5'',7.1,,
2006,12191,Tedric,Hill,SF-PF,6' 7.75'',6' 9'',236,7' 1'',8' 11'',7.3,,
2006,200812,Daniel,Horton,PG-SG,6' 0.5'',6' 2.25'',198,6' 7'',8' 0.5'',8.0,,
2006,200780,Solomon,Jones,PF-C,6' 8.5'',6' 9.75'',224,7' 4.75'',9' 1'',7.4,,
2006,200784,Bobby,Jones,SF-SG,6' 5.75'',6' 6.75'',211,6' 9.5'',8' 5.5'',8.0,,
2006,12192,Viktor,Keyru,SG-PG,6' 5.25'',6' 6'',202,6' 9.25'',8' 8'',5.5,,
2006,12193,Marco,Killingsworth,PF,6' 5.5'',6' 6.75'',266,7' 3'',8' 8'',19.0,,
2006,200814,Tarence,Kinsey,SF-SG,6' 4.75'',6' 5.5'',179,6' 6.75'',8' 4.5'',4.1,,
2006,12194,Carl,Krauser,PG,5' 11.75'',6' 0.75'',190,6' 6.25'',8' 1'',8.0,,
2006,200840,Chris,McCray,SG,6' 3'',6' 4'',187,6' 5.75'',8' 0.5'',9.6,,
2006,201019,Gerry,McNamara,PG-SG,5' 11.75'',6' 0.5'',177,6' 0.75'',7' 8.5'',12.8,,
2006,200822,Pops,Mensah-Bonsu,PF-C,6' 7.5'',6' 9'',232,7' 0'',8' 9.5'',5.8,,
2006,200859,Paul,Miller,PF-C,6' 8.5'',6' 9.25'',251,7' 0'',8' 5.5'',13.8,,
2006,200794,Paul,Millsap,PF,6' 6.25'',6' 7.25'',258,7' 1.5'',8' 9.5'',9.7,,
2006,201383,Dwayne,Mitchell,SG-SF,6' 2'',6' 3.25'',208,6' 6.5'',8' 2.5'',4.5,,
2006,200747,Adam,Morrison,SF,6' 6.5'',6' 7.75'',198,6' 10'',8' 9'',6.8,,
2006,12195,Yemi,Nicholson,PF-C,6' 7.75'',6' 9.5'',258,7' 4.25'',8' 11'',17.2,,
2006,200786,David,Noel,SF-SG,6' 4.5'',6' 6'',223,6' 9.5'',8' 4'',6.1,,
2006,200779,Steve,Novak,SF,6' 8'',6' 9.25'',216,6' 9.5'',8' 7'',8.1,,
2006,200753,Patrick,O'Bryant,C,6' 11'',7' 0'',249,7' 5.75'',9' 5'',10.0,,
2006,12196,Danilo,Pinnock,PG-SG,6' 2.75'',6' 4'',204,6' 7.5'',8' 4.5'',4.6,,
2006,200809,Chris,Quinn,PG-SG,6' 0.5'',6' 1.5'',175,6' 5'',7' 10'',5.9,,
2006,200810,Allan,Ray,SG,6' 1'',6' 2.25'',204,6' 8.5'',8' 3.5'',9.8,,
2006,200755,JJ,Redick,SG,6' 4'',6' 4.75'',190,6' 3.25'',8' 1.5'',7.0,,
2006,201015,Antywane,Robinson,SF-PF,6' 6.25'',6' 7.5'',217,7' 2.5'',8' 9.5'',6.9,,
2006,200750,Brandon,Roy,SG-SF,6' 5.25'',6' 6.25'',207,6' 8'',8' 5'',7.6,,
2006,-1,Blake,Schilb,PG-SG,6' 5.25'',6' 6.25'',209,6' 8.75'',8' 6'',11.3,,
2006,200754,Mouhamed,Sene,C,6' 11'',7' 0'',237,7' 8.5'',9' 5'',6.6,,
2006,200759,Cedric,Simmons,PF-C,6' 8.25'',6' 9.5'',223,7' 4.25'',9' 0.5'',5.6,,
2006,201201,Marcus,Slaughter,PF-SF,6' 7'',6' 8'',220,6' 11.5'',8' 8.5'',8.5,,
2006,200783,Craig,Smith,PF,6' 5.5'',6' 6.5'',259,6' 9.5'',8' 7.5'',12.2,,
2006,200848,Steven,Smith,SF-PF,6' 7.5'',6' 9.25'',238,7' 0.5'',8' 8'',7.8,,
2006,23033,Michael,Southhall,C,6' 9.5'',6' 10.25'',241,7' 4.25'',8' 11.5'',7.9,,
2006,12199,Frans,Steyn,C,7' 1.25'',7' 2.5'',280,7' 2.25'',9' 1'',12.8,,
2006,201028,Curtis,Stinson,SG,6' 1.75'',6' 2.75'',208,6' 5'',8' 1.5'',6.0,,
2006,200748,Tyrus,Thomas,PF-SF,6' 7.25'',6' 8.25'',217,7' 3'',9' 0'',5.6,,
2006,12200,Joah,Tucker,SF-SG,6' 3.75'',6' 5.25'',224,6' 6.5'',8' 3.5'',7.0,,
2006,12201,Ian,Vouyoukas,C-PF,6' 8.5'',6' 9.5'',267,7' 0.75'',9' 0.5'',14.8,,
2006,200827,Darius,Washington,PG,5' 11.5'',6' 1'',195,6' 4'',8' 0'',9.7,,
2006,201228,CJ,Watson,PG,6' 0.5'',6' 1.75'',171,6' 6'',8' 0'',5.2,,
2006,12203,Eric,Williams,C-PF,6' 7.25'',6' 8.75'',285,7' 4.25'',8' 10.5'',13.0,,
2006,200749,Shelden,Williams,PF-C,6' 7.5'',6' 8.5'',258,7' 4.25'',8' 8'',11.4,,
2006,200761,Shawne,Williams,SF-PF,6' 7.25'',6' 8.75'',227,7' 3'',8' 8'',8.0,,
2006,200766,Marcus,Williams,PG,6' 2'',6' 3.25'',215,6' 7'',8' 1.5'',12.4,,
2006,200818,Justin,Williams,C-PF,6' 7.25'',6' 8.75'',211,7' 1.5'',9' 1'',6.5,,
2006,202124,Curtis,Withers,PF-SF,6' 6'',6' 6.5'',227,6' 10'',8' 5'',5.0,,
2007,12204,Mohamed,Abukar,SF,6' 8'',6' 9.75'',210,6' 9'',8' 7'',8.9,,
2007,12205,Mario,Boggan,PF,6' 5'',6' 7'',240,7' 2'',8' 11'',9.2,,
2007,12206,Craig,Bradshaw,PF,6' 8'',6' 9.75'',240,7' 1.5'',8' 10.5'',12.1,,
2007,201147,Corey,Brewer,SF-SG,6' 6'',6' 7.75'',185,6' 8.25'',8' 7'',4.2,,
2007,201166,Aaron,Brooks,PG,5' 10'',5' 11.75'',161,6' 4'',7' 10'',2.7,,
2007,201628,Bobby,Brown,PG,5' 11'',6' 1.75'',170,6' 4'',7' 11.5'',6.6,,
2007,201469,Russell,Carter,SG,6' 3'',6' 4.5'',221,6' 8.5'',8' 1.5'',6.0,,
2007,12207,Coleman,Collins,PF,6' 8'',6' 9.75'',236,7' 2'',8' 11'',6.2,,
2007,201144,Mike,Conley,PG,5' 11'',6' 0.75'',175,6' 5.75'',7' 10.5'',4.2,,
2007,201161,Daequan,Cook,SG,6' 3'',6' 5.75'',203,6' 8.25'',8' 5.5'',7.0,,
2007,12208,Ryvon,Covile,C-PF,6' 7'',6' 8.5'',250,7' 1.25'',8' 11.5'',8.0,,
2007,201159,Javaris,Crittenton,PG,6' 3'',6' 4.75'',194,6' 5.5'',8' 2'',4.5,,
2007,201176,Jermareo,Davidson,PF,6' 9'',6' 11'',230,7' 4'',9' 1.5'',6.9,,
2007,12209,Justin,Doellman,PF,6' 8'',6' 9.5'',205,6' 8.75'',8' 9'',7.0,,
2007,12210,Zabian,Dowdell,PG,6' 1'',6' 3'',191,6' 10'',8' 4'',5.1,,
2007,201162,Jared,Dudley,SF,6' 5'',6' 7.25'',219,6' 7'',8' 6'',7.1,,
2007,201142,Kevin,Durant,SF-PF,6' 9'',6' 10.25'',215,7' 4.75'',9' 2'',6.6,,
2007,12211,Rashaun,Freeman,PF,6' 6'',6' 8'',244,6' 11.5'',8' 8'',11.5,,
2007,201189,Aaron,Gray,C,7' 0'',7' 1.75'',271,7' 3.25'',9' 0.5'',10.8,,
2007,12212,Caleb,Green,PF,6' 6'',6' 8'',238,6' 11.75'',8' 7'',10.9,,
2007,201145,Jeff,Green,SF,6' 7'',6' 9.5'',228,7' 1.25'',8' 7'',3.7,,
2007,201192,Taurean,Green,PG,5' 11'',6' 0.75'',173,6' 2.25'',8' 0'',4.6,,
2007,201150,Spencer,Hawes,PF,6' 10'',7' 0.75'',244,7' 0.5'',9' 2'',13.0,,
2007,12214,Brandon,Heath,PG,6' 2'',6' 3.75'',181,6' 7'',7' 10'',9.0,,
2007,201195,Herbert,Hill,C,6' 7'',6' 9.75'',232,7' 2.25'',9' 0.5'',5.6,,
2007,201143,Al,Horford,PF,6' 8'',6' 9.75'',246,7' 0.75'',8' 11'',9.1,,
2007,12215,Quinton,Hosley,SF-SG,6' 5'',6' 7.75'',215,6' 11.25'',8' 9'',5.7,,
2007,12216,James,Hughes,C,6' 9'',6' 10.75'',209,7' 3'',9' 3'',3.5,,
2007,12217,Jeremy,Hunt,SG,6' 2'',6' 4.75'',198,6' 8.25'',8' 5.5'',5.2,,
2007,12218,Ekene,Ibekwe,PF,6' 8'',6' 9'',208,7' 6'',8' 8'',3.2,,
2007,12219,Dominic,James,PG,5' 10'',5' 11.75'',175,6' 2'',7' 9'',4.8,,
2007,201234,Trey,Johnson,SG,6' 3'',6' 5.75'',216,6' 5'',8' 2'',5.4,,
2007,12220,Rashad,Jones-Jennings,PF,6' 6'',6' 7.5'',235,7' 0'',8' 9.5'',5.9,,
2007,201185,Jared,Jordan,PG,6' 0'',6' 1.75'',183,6' 0'',7' 10'',7.0,,
2007,201207,Coby,Karl,SG-PG,6' 3'',6' 4.75'',204,6' 11'',8' 3.5'',5.4,,
2007,12221,Antanas,Kavaliauskas,PF,6' 9'',6' 10.5'',237,6' 10.5'',8' 10.5'',7.7,,
2007,201171,Carl,Landry,PF,6' 7'',6' 8.5'',248,6' 11'',8' 6.5'',7.5,,
2007,201186,Stephane,Lasme,PF,6' 5'',6' 7'',213,7' 2'',8' 11'',4.9,,
2007,201151,Acie,Law,PG,6' 2'',6' 3.5'',186,6' 6.5'',8' 2'',5.6,,
2007,12222,Marko,Lekic,C,6' 9'',6' 10.5'',267,7' 1'',9' 0.5'',11.4,,
2007,12223,Ron,Lewis,SG,6' 2'',6' 4.5'',194,6' 6.5'',8' 3'',4.5,,
2007,201858,Cartier,Martin,SF,6' 4'',6' 6.5'',218,6' 10'',8' 7.5'',5.6,,
2007,201187,Dominic,McGuire,SF,6' 7'',6' 8.25'',220,6' 10.5'',8' 8'',4.7,,
2007,201177,Josh,McRoberts,PF,6' 8'',6' 10'',240,7' 1'',8' 10.5'',13.7,,
2007,201197,Sammy,Mejia,SG,6' 5'',6' 7'',218,6' 11'',8' 9'',8.3,,
2007,12224,Brad,Newley,SG,6' 5'',6' 6.5'',201,6' 8'',8' 6.5'',8.0,,
2007,201193,Demetris,Nichols,SF,6' 6'',6' 7.5'',211,7' 0.25'',8' 9'',6.2,,
2007,201149,Joakim,Noah,PF,6' 10'',7' 0'',223,7' 1.25'',8' 10.5'',4.8,,
2007,201141,Greg,Oden,C,6' 11'',7' 0'',257,7' 4.25'',9' 4'',7.8,,
2007,12225,Ivan,Radenovic,PF,6' 9'',6' 10.75'',226,6' 11.75'',8' 10'',9.8,,
2007,12226,JR,Reynolds,PG,6' 0'',6' 2.75'',188,6' 3.25'',7' 11'',8.2,,
2007,201181,Chris,Richard,PF,6' 7'',6' 8.75'',252,7' 4.5'',9' 2.5'',7.5,,
2007,12227,Dustin,Salisbery,SG,6' 3'',6' 4.75'',208,6' 8'',8' 4.5'',6.6,,
2007,12228,Blake,Schilb,SG,6' 5'',6' 7'',214,6' 9'',8' 6.5'',10.0,,
2007,12229,Renaldas,Seibutis,SG,6' 4'',6' 5.75'',185,6' 8.75'',8' 5'',6.1,,
2007,201196,Ramon,Sessions,PG,6' 2'',6' 3.75'',185,6' 4.25'',8' 1.5'',6.2,,
2007,201203,Mustafa,Shakur,PG,6' 3'',6' 4.5'',185,6' 5.5'',8' 3'',4.1,,
2007,201160,Jason,Smith,PF,6' 10.75'',6' 11.5'',233,6' 10.75'',8' 10'',7.5,,
2007,201199,DJ,Strawberry,SG,6' 3.75'',6' 5'',199,6' 6.5'',8' 5'',4.5,,
2007,201155,Rodney,Stuckey,SG-PG,6' 3.75'',6' 4.5'',207,6' 7.25'',8' 4.5'',6.1,,
2007,12230,Curtis,Sumpter,SF,6' 6'',6' 7.75'',227,6' 9.5'',8' 8'',5.3,,
2007,201180,Yue,Sun,SF,6' 7.75'',6' 8.75'',212,6' 9'',8' 9'',5.1,,
2007,201249,Jamaal,Tatum,PG,5' 11.5'',6' 0.75'',168,6' 2.5'',7' 9.5'',5.0,,
2007,12232,Reyshawn,Terry,SF,6' 6.75'',6' 7.5'',222,6' 10'',8' 7.5'',8.9,,
2007,201154,Al,Thornton,SF,6' 5.75'',6' 7'',221,7' 1'',8' 8'',5.8,,
2007,201229,Anthony,Tolliver,PF,6' 7'',6' 8.5'',242,7' 2.5'',8' 11.5'',5.7,,
2007,12233,Ali,Traore,C-PF,6' 8.75'',6' 9.75'',249,7' 4'',9' 0.5'',12.1,,
2007,12234,Kyle,Visser,C,6' 10'',6' 11.5'',242,6' 11'',9' 0'',10.2,,
2007,201208,Darryl,Watkins,C,6' 8.75'',6' 10.25'',241,7' 3'',9' 2'',6.9,,
2007,12235,Major,Wingate,C,6' 8.5'',6' 10.75'',242,7' 4'',9' 1'',6.7,,
2007,12236,DaShaun,Wood,PG,5' 10.75'',5' 11.5'',167,6' 0.75'',7' 8'',5.4,,
2007,201148,Brandan,Wright,PF,6' 8.75'',6' 10'',200,7' 3.75'',9' 0.5'',5.8,,
2007,201153,Julian,Wright,SF-PF,6' 6.5'',6' 8.5'',211,7' 2.25'',9' 0'',6.1,,
2007,12237,Avis,Wyatt,PF,6' 8.75'',6' 9.5'',212,7' 1'',8' 11'',3.3,,
2007,201146,Jianlian,Yi,,,,,,,,,
2007,201152,Thaddeus,Young,SF,6' 5.75'',6' 7.5'',210,6' 11.5'',8' 10'',4.9,,
2007,201156,Nick,Young,SG-SF,6' 5'',6' 6.75'',206,7' 0'',8' 4.5'',6.8,,
2008,201570,Joe,Alexander,SF-PF,6' 7.25'',6' 8.25'',220,6' 11.5'',8' 10'',5.8,,
2008,201589,Darrell,Arthur,PF,6' 7.5'',6' 8.5'',216,6' 10.75'',8' 11'',7.3,,
2008,201571,D.J.,Augustin,PG,5' 10'',5' 11.5'',171.5,6' 3.5'',7' 10.5'',8.1,,
2008,201573,Jerryd,Bayless,PG-SG,6' 1.75'',6' 3'',204,6' 3.5'',8' 1'',4.7,,
2008,201563,Michael,Beasley,PF-SF,6' 7'',6' 8.25'',239,7' 0.25'',8' 11'',7.7,,
2008,12239,Ramel,Bradley,PG-SG,6' 1.25'',6' 2.25'',184,6' 5'',8' 2'',5.7,,
2008,12240,Tyrone,Brazelton,PG,5' 10'',5' 11'',166,6' 1.75'',7' 10'',8.1,,
2008,12241,Takais,Brown,PF,6' 7.25'',6' 8.5'',252,6' 10'',8' 10'',9.2,,
2008,201812,Keith,Brumbaugh,SF-PF,6' 7.5'',6' 8.75'',190,6' 7.25'',8' 8.5'',4.0,,
2008,201868,Stanley,Burrell,PG,6' 1.5'',6' 2.5'',201,6' 6.25'',8' 1.5'',5.6,,
2008,12242,Brian,Butch,C-PF,6' 9.5'',6' 11'',229.6,6' 11.25'',9' 0'',10.8,,
2008,12243,Jamar,Butler,PG,6' 0.25'',6' 1.5'',182,6' 4.75'',8' 1'',6.0,,
2008,12244,Pat,Calathes,SF-PF,6' 8.75'',6' 9.75'',204,6' 9.75'',8' 10'',7.3,,
2008,12245,Joe,Crawford,SG,6' 3'',6' 4'',213,6' 5.75'',8' 3.5'',7.6,,
2008,12246,Chris,Daniels,C-PF,6' 8.25'',6' 9.5'',256,7' 0.5'',9' 1'',16.1,,
2008,201595,Joey,Dorsey,PF-C,6' 6.25'',6' 7.25'',265,7' 1.75'',8' 11'',9.0,,
2008,12247,Marcus,Dove,SF-PF,6' 6.75'',6' 7.5'',208,6' 11.5'',8' 9'',5.3,,
2008,12248,Josh,Duncan,PF,6' 8'',6' 9'',230,6' 11.5'',8' 8.5'',5.4,,
2008,12249,Frank,Elegar,PF,6' 7.25'',6' 8.75'',210,7' 3.25'',8' 10'',4.5,,
2008,201607,Patrick,Ewing Jr.,SF-PF,6' 6'',6' 7.25'',224,7' 0.25'',8' 1.5'',9.4,,
2008,201814,Gary,Forbes,SG,6' 4.5'',6' 5.75'',220.5,6' 11.25'',8' 8.5'',6.5,,
2008,12250,Shan,Foster,SG,6' 4'',6' 5.25'',194.5,6' 11.5'',8' 7.5'',6.3,,
2008,201592,J.R.,Giddens,SG,6' 4'',6' 4.75'',208,6' 11.25'',8' 7'',5.4,,
2008,12251,James,Gist,PF,6' 7'',6' 8.5'',220,7' 4'',8' 11.5'',4.8,,
2008,12252,Vladimir,Golubovic,C,6' 11.25'',7' 0.25'',258,7' 2.5'',9' 3.5'',6.9,,
2008,201569,Eric,Gordon,SG,6' 2'',6' 3.25'',222,6' 9'',8' 3'',8.2,,
2008,201863,Kentrell,Gransberry,C,6' 6.75'',6' 7.75'',290,6' 10.25'',8' 10'',17.4,,
2008,201590,Donte,Greene,SF-PF,6' 8.25'',6' 9'',221,6' 10'',9' 0'',7.6,,
2008,201612,Malik,Hairston,SG,6' 4.25'',6' 5.25'',204,6' 9'',8' 7.5'',6.9,,
2008,201614,DeVon,Hardin,C-PF,6' 9.5'',6' 10.75'',235,7' 3'',9' 1.5'',5.8,,
2008,201613,Richard,Hendrix,PF,6' 6.75'',6' 8.75'',250,7' 3'',9' 0'',9.2,,
2008,201588,George,Hill,PG,6' 1.25'',6' 2.5'',181,6' 9'',8' 1.5'',3.0,,
2008,12254,Kyle,Hines,SF-PF,6' 3.75'',6' 5.25'',234,7' 1.25'',8' 8.5'',3.6,,
2008,12255,Jiri,Hubalek,C-PF,6' 9.5'',6' 11'',226,6' 10.75'',9' 1'',8.8,,
2008,201991,Lester,Hudson,PG,5' 11.75'',6' 1'',196,6' 8.75'',8' 2.5'',3.4,,
2008,201629,Othello,Hunter,PF-SF,6' 6.5'',6' 7.5'',220,7' 3'',9' 1.5'',6.4,,
2008,201616,Darnell,Jackson,PF,6' 7'',6' 7.75'',240.5,6' 11.25'',8' 10.5'',12.5,,
2008,12256,Shawn,James,PF,6' 7.75'',6' 9'',217,7' 5'',9' 3'',9.2,,
2008,12257,Davon,Jefferson,SF,6' 5.25'',6' 6.5'',213,6' 9.5'',8' 9'',12.0,,
2008,12258,Joseph,Jones,PF,6' 7'',6' 8.5'',240,7' 0.25'',8' 11'',12.2,,
2008,201599,DeAndre,Jordan,C,6' 9.75'',6' 11'',250,7' 6'',9' 5.5'',7.5,,
2008,12253,Sasha,Kaun,C-PF,6' 9'',6' 10.75'',247,7' 4'',9' 2'',9.6,,
2008,12260,Marcelus,Kemp,SG,6' 3'',6' 4.25'',221,6' 8.5'',8' 7.5'',9.0,,
2008,12261,Maarty,Leunen,SF,6' 7.25'',6' 8.5'',222,6' 8'',8' 6.5'',8.9,,
2008,201848,Longar,Longar,C,6' 9'',6' 10'',212.5,7' 1.25'',9' 1.5'',10.6,,
2008,201572,Brook,Lopez,C,6' 11.25'',7' 0.5'',258,7' 5.5'',9' 5'',6.3,,
2008,201567,Kevin,Love,PF,6' 7.75'',6' 9.5'',255,6' 11.25'',8' 10'',12.9,,
2008,12262,Aleks,Maric,C,6' 9.75'',6' 10.75'',273,7' 1'',9' 1.5'',10.1,,
2008,201564,O.J.,Mayo,SG-PG,6' 3.25'',6' 4.25'',200,6' 6'',8' 3.5'',6.3,,
2008,201651,James,Mays,PF,6' 6.75'',6' 7.75'',227,7' 1.75'',8' 9'',8.8,,
2008,201601,Luc,Mbah a Moute,SF,6' 5.75'',6' 7.5'',221,7' 2.5'',8' 7.5'',7.0,,
2008,201580,JaVale,McGee,C-PF,6' 11'',7' 0'',241,7' 6'',9' 6.5'',5.3,,
2008,12263,Drew,Neitzel,PG,5' 11.75'',6' 0.75'',175.5,6' 2.5'',7' 11'',6.2,,
2008,201634,DeMarcus,Nelson,PG-SG,6' 1'',6' 2.25'',198,6' 10'',8' 2.5'',4.5,,
2008,201624,David,Padgett,C-PF,6' 10.25'',6' 11.5'',239.5,7' 1'',9' 1.5'',9.0,,
2008,12264,Jeremy,Pargo,PG,6' 0.5'',6' 1.5'',208,6' 5'',8' 0'',7.6,,
2008,12265,Trent,Plaisted,PF,6' 9.25'',6' 10.25'',240,6' 10.5'',8' 9.5'',11.0,,
2008,12266,Quan,Prowell,SF-PF,6' 6.75'',6' 7.75'',225.5,6' 10.5'',8' 7.5'',6.5,,
2008,12267,Shaun,Pruitt,C-PF,6' 8.25'',6' 9'',242.2,7' 1'',8' 11.5'',13.8,,
2008,201576,Anthony,Randolph,PF-SF,6' 9'',6' 10.25'',197,7' 3'',9' 1'',4.7,,
2008,12268,Charles,Rhodes,PF,6' 7.25'',6' 8.25'',244,6' 11.25'',8' 11.5'',10.7,,
2008,12259,John,Riek,C,6' 10.5'',7' 0'',237,7' 8.75'',,11.0,,
2008,12269,Brian,Roberts,PG,6' 0.25'',6' 1.25'',173,6' 1.25'',7' 11'',3.6,,
2008,201781,Russell,Robinson,PG,6' 0.5'',6' 1.5'',196,6' 8'',8' 4.5'',7.4,,
2008,12270,Richard,Roby,SG-SF,6' 4.25'',6' 5.5'',203,6' 9.75'',8' 8'',9.2,,
2008,201565,Derrick,Rose,PG,6' 1.5'',6' 2.5'',196,6' 8'',8' 2.5'',4.6,,
2008,201606,Sean,Singletary,PG,5' 11'',6' 0'',183.8,6' 4.5'',7' 11'',4.2,,
2008,12271,Ronald,Steele,PG,6' 0.25'',6' 1.5'',183.5,6' 4.25'',8' 1.5'',8.1,,
2008,12272,Bryce,Taylor,SG,6' 2.75'',6' 4.25'',210,6' 9'',8' 3.5'',8.3,,
2008,201446,Mike,Taylor,SG-PG,6' 0.75'',6' 2'',166.2,6' 7.25'',8' 2'',3.8,,
2008,201872,Mark,Tyndale,SG-SF,6' 2.75'',6' 3.5'',217,6' 11'',8' 7.5'',6.7,,
2008,12273,Robert,Vaden,SG,6' 3.5'',6' 4.5'',199,6' 8'',8' 5'',6.2,,
2008,201622,Deron,Washington,SF,6' 5.25'',6' 6.25'',198.5,6' 9'',8' 6.5'',7.2,,
2008,201603,Sonny,Weems,SG-SF,6' 4'',6' 5.5'',193,6' 10'',8' 8'',4.4,,
2008,201566,Russell,Westbrook,PG,6' 2.25'',6' 3.5'',192,6' 7.75'',8' 4'',4.8,,
2008,199,Reggie,Williams,SG,6' 3.25'',6' 4'',199,6' 9.25'',8' 7'',5.3,,
2009,202399,Jeff,Adrien,PF,6' 5.25'',6' 6.5'',236.2,7' 2'',8' 11.5'',7.9,,
2009,201965,Jeff,Ayres,PF,6' 8.75'',6' 10'',239.6,7' 1'',8' 11'',5.5,,
2009,201958,Rodrigue,Beaubois,PG,6' 1.25'',6' 2.25'',182.4,6' 9.75'',8' 4'',7.9,,
2009,201971,DeJuan,Blair,PF,6' 5.25'',6' 6.5'',276.6,7' 2'',8' 10.5'',12.0,,
2009,201974,Derrick,Brown,SF-PF,6' 7.5'',6' 8.5'',224.6,7' 2.5'',8' 11.5'',8.6,,
2009,201978,Chase,Budinger,SF-SG,6' 6.25'',6' 7'',206.4,6' 7'',8' 5'',10.0,,
2009,201960,DeMarre,Carroll,PF-SF,6' 6.25'',6' 7.75'',207.2,6' 10'',8' 9'',6.3,,
2009,201956,Omri,Casspi,SF,6' 7.75'',6' 9.25'',211.2,6' 9.25'',8' 10.5'',8.6,,
2009,12275,Dionte,Christmas,SG,6' 4.25'',6' 5.5'',210.8,6' 9'',8' 6.5'',7.1,,
2009,201947,Earl,Clark,SF-PF,6' 8.5'',6' 10.25'',228.4,7' 2.5'',9' 1.5'',5.2,,
2009,201954,Darren,Collison,PG,6' 0.25'',6' 1.5'',166.2,6' 3'',8' 0.5'',5.7,,
2009,201967,Dante,Cunningham,PF,6' 7'',6' 8.25'',227.4,6' 11'',8' 10.5'',4.8,,
2009,201939,Stephen,Curry,PG-SG,6' 2'',6' 3.25'',181,6' 3.5'',8' 1'',5.7,,
2009,201948,Austin,Daye,SF-PF,6' 9.75'',6' 10.75'',191.8,7' 2.75'',9' 2'',5.5,,
2009,201942,DeMar,DeRozan,SG-SF,6' 5.5'',6' 6.5'',211.2,6' 9'',8' 6.5'',4.9,,
2009,201962,Toney,Douglas,PG,6' 1'',6' 2'',183.4,6' 6'',8' 1.5'',5.2,,
2009,201961,Wayne,Ellington,SG,6' 4.25'',6' 5.25'',202.4,6' 6.5'',8' 4'',5.5,,
2009,201936,Tyreke,Evans,PG-SG,6' 4'',6' 5.25'',220.6,6' 11.25'',8' 8'',7.1,,
2009,201938,Jonny,Flynn,PG,5' 11.25'',6' 0.75'',195.6,6' 4'',7' 11.5'',6.3,,
2009,201959,Taj,Gibson,PF,6' 8.5'',6' 9.75'',214.4,7' 4'',9' 1'',6.6,,
2009,201980,Danny,Green,SG-SF,6' 5.25'',6' 6.5'',208,6' 10'',8' 7'',5.6,,
2009,201933,Blake,Griffin,PF,6' 8.5'',6' 10'',248.4,6' 11.25'',8' 9'',8.2,,
2009,201946,Tyler,Hansbrough,PF,6' 8.25'',6' 9.5'',234.2,6' 11.5'',8' 10'',8.5,,
2009,201935,James,Harden,SG,6' 4'',6' 5.25'',222,6' 10.75'',8' 7.5'',10.1,,
2009,201945,Gerald,Henderson,SG-SF,6' 4'',6' 5'',214.6,6' 10.25'',8' 6.5'',4.4,,
2009,12278,Josh,Heytvelt,PF-C,6' 10'',6' 11'',246.2,7' 1.25'',9' 0'',10.8,,
2009,201941,Jordan,Hill,PF-C,6' 9.25'',6' 10.25'',232.4,7' 1.5'',9' 0'',6.0,,
2009,201950,Jrue,Holiday,PG-SG,6' 3.25'',6' 4.25'',199,6' 7'',8' 4.5'',6.3,,
2009,12279,Joe,Ingles,SF,6' 7.75'',6' 8.25'',209.2,6' 10.25'',8' 9'',10.1,,
2009,201949,James,Johnson,SF-PF,6' 7'',6' 7.75'',257.2,7' 0.75'',8' 9.5'',12.0,,
2009,201951,Ty,Lawson,PG,5' 11.25'',6' 0.5'',196.6,6' 0.75'',7' 10.5'',6.6,,
2009,201953,Eric,Maynor,PG,6' 2.25'',6' 3.25'',163.6,6' 2.5'',8' 1'',5.4,,
2009,12282,Jack,McClinton,SG-PG,5' 11.75'',6' 0.75'',185.2,6' 2.5'',8' 0'',6.2,,
2009,12283,Jerel,McNeal,SG,6' 1.5'',6' 3'',190.4,6' 7.25'',8' 3.5'',5.4,,
2009,201975,Jodie,Meeks,SG,6' 3'',6' 4'',211.4,6' 4.5'',8' 2'',8.0,,
2009,201988,Patty,Mills,PG,5' 11.25'',6' 0.5'',175.4,6' 2'',7' 11'',6.9,,
2009,201957,Byron,Mullens,C,6' 11.75'',7' 1.25'',258.2,7' 1.5'',9' 3'',8.5,,
2009,201985,A.J.,Price,PG,6' 0.5'',6' 2'',192.8,6' 3.75'',8' 1'',12.4,,
2009,12284,Tyler,Smith,SF,6' 5.25'',6' 6'',212,6' 9.75'',8' 8.5'',7.0,,
2009,201969,DaJuan,Summers,SF,6' 7.25'',6' 8.5'',243,7' 0.75'',8' 10.5'',6.6,,
2009,201966,Jermaine,Taylor,SG,6' 3.5'',6' 4.75'',207.4,6' 8.75'',8' 5'',5.8,,
2009,201952,Jeff,Teague,PG,6' 0.25'',6' 1.5'',175.2,6' 7.5'',8' 2.5'',4.5,,
2009,201934,Hasheem,Thabeet,C,7' 1.25'',7' 2.5'',267.2,7' 6.25'',9' 5'',6.7,,
2009,201977,Marcus,Thornton,SG,6' 2.75'',6' 3.75'',194.4,6' 5'',8' 3'',4.8,,
2009,201944,Terrence,Williams,SG-SF,6' 5'',6' 6.25'',213.2,6' 9'',8' 7.5'',5.1,,
2009,201970,Sam,Young,SF-SG,6' 5.25'',6' 6.75'',222.8,6' 10.75'',8' 9.5'',4.9,,
2010,202374,Solomon,Alabi,C,6' 11.5'',7' 0.75'',237.4,7' 5'',9' 5'',5.0,9.25,9.25
2010,202332,Cole,Aldrich,C,6' 9'',6' 11.25'',236,7' 4.75'',9' 3.5'',8.5,9.0,9.25
2010,202329,Al-Farouq,Aminu,SF,6' 7.25'',6' 8.5'',216,7' 3.25'',9' 0.5'',8.2,9.5,9.5
2010,202341,James,Anderson,SF,6' 4.75'',6' 5.75'',207.6,6' 8.5'',8' 8'',7.9,8.5,7.25
2010,202337,Luke,Babbitt,SF-PF,6' 7.5'',6' 8.75'',217.8,6' 11.25'',8' 8.5'',5.6,8.5,10.0
2010,202339,Eric,Bledsoe,PG,6' 0.25'',6' 1.5'',191.6,6' 7.5'',8' 2'',5.6,8.5,9.75
2010,202344,Trevor,Booker,PF,6' 6.25'',6' 7.5'',235.8,6' 9.75'',8' 10'',7.3,9.0,9.5
2010,202342,Craig,Brackins,PF-SF,6' 8.5'',6' 9.75'',229,7' 0'',9' 1'',7.9,9.5,11.25
2010,202340,Avery,Bradley,SG-PG,6' 2'',6' 3.25'',180.4,6' 7.25'',8' 2.5'',4.0,8.25,9.5
2010,202382,Derrick,Caracter,PF,6' 8.25'',6' 9.5'',280,7' 0.25'',8' 11.5'',12.8,9.0,10.25
2010,202395,Sherron,Collins,PG,5' 10.25'',5' 11.75'',217.2,6' 2.5'',7' 10'',9.2,8.5,9.5
2010,202326,DeMarcus,Cousins,C,6' 9.5'',6' 10.75'',291.8,7' 5.75'',9' 5'',16.4,9.25,10.0
2010,202348,Jordan,Crawford,SG,6' 3'',6' 4.5'',198.4,6' 7'',8' 5'',4.9,8.0,9.0
2010,202334,Ed,Davis,PF,6' 9'',6' 9.75'',226.6,7' 0'',9' 0'',10.0,9.25,10.0
2010,202365,Devin,Ebanks,SF,6' 7'',6' 8.25'',207.8,7' 0.25'',8' 11.5'',7.9,8.25,9.0
2010,202324,Derrick,Favors,PF,6' 8.75'',6' 10.25'',245.2,7' 4'',9' 2'',6.5,8.75,9.25
2010,12316,Keith,Gallon,PF-C,6' 8.5'',6' 9.5'',301.8,7' 4.5'',9' 1.5'',15.1,9.25,10.5
2010,12317,Charles,Garcia,SF,6' 8.25'',6' 9.25'',231.6,7' 1.75'',8' 11.5'',7.0,8.75,9.0
2010,202331,Paul,George,SF,6' 7.75'',6' 8.75'',214.4,6' 11.25'',8' 11'',5.0,8.5,9.0
2010,202376,Luke,Harangody,PF,6' 6'',6' 7.75'',240.2,6' 9.5'',8' 10'',11.1,8.75,9.75
2010,202412,Manny,Harris,SG,6' 4'',6' 5.5'',185.1,6' 7.25'',8' 6'',3.8,8.5,9.0
2010,202330,Gordon,Hayward,SF,6' 6.75'',6' 8'',211,6' 7.75'',8' 7'',6.9,8.5,9.25
2010,202351,Lazar,Hayward,SG-SF,6' 4.5'',6' 5.75'',225.8,7' 0.75'',8' 6'',7.5,9.25,9.5
2010,202333,Xavier,Henry,SG,6' 5.25'',6' 6.5'',210.2,6' 11.25'',8' 9'',4.7,8.75,10.0
2010,202359,Darington,Hobson,SG-SF,6' 5.25'',6' 6.5'',203.6,6' 9.25'',8' 8.5'',6.2,8.25,9.0
2010,202345,Damion,James,SF,6' 6.25'',6' 7.75'',226.6,7' 0.75'',8' 11'',9.6,9.25,8.5
2010,202325,Wesley,Johnson,SF,6' 6.25'',6' 7.25'',206.4,7' 1'',8' 10'',4.6,9.0,9.5
2010,202356,Armon,Johnson,PG-SG,6' 2'',6' 3.25'',195.2,6' 8'',8' 3.5'',5.6,8.25,9.25
2010,202346,Dominique,Jones,SG,6' 3.25'',6' 5'',216,6' 9.25'',8' 5'',5.9,9.0,10.25
2010,12329,Jerome,Jordan,C,6' 11.5'',7' 0.75'',244.2,7' 5.25'',9' 5'',6.9,9.0,10.25
2010,12330,Sylven,Landesberg,SG,6' 4.75'',6' 6.25'',210,6' 9'',8' 4.5'',11.6,8.75,10.75
2010,202371,Gani,Lawal,PF,6' 7.5'',6' 9'',233.4,7' 0'',8' 11.5'',6.3,8.5,10.0
2010,202328,Greg,Monroe,PF-C,6' 9.75'',6' 11'',246.6,7' 2.25'',9' 0.5'',11.2,8.75,9.5
2010,202350,Daniel,Orton,C,6' 8.75'',6' 9.5'',269.2,7' 4.25'',9' 2.5'',13.8,8.5,9.75
2010,12334,Artsiom,Parakhouski,C,6' 10.25'',6' 11.75'',268.2,7' 1'',9' 1.5'',6.0,9.0,10.5
2010,202335,Patrick,Patterson,PF,6' 8'',6' 9.25'',239.6,7' 1.25'',8' 11'',5.3,9.25,10.25
2010,202354,Dexter,Pittman,PF-C,6' 9.5'',6' 11.5'',302.6,7' 6'',9' 3'',20.8,10.25,10.5
2010,202360,Andy,Rautins,SG,6' 4.25'',6' 5'',191.6,6' 7'',8' 4'',6.2,8.0,9.75
2010,12338,Ryan,Richards,PF,6' 10.5'',6' 11.75'',230.2,7' 1.5'',9' 2'',8.0,9.0,9.75
2010,202383,Stanley,Robinson,SF,6' 6.5'',6' 7.75'',213.2,7' 0'',8' 11.5'',8.3,9.0,9.0
2010,202336,Larry,Sanders,PF-C,6' 9.25'',6' 10.5'',222.4,7' 5.75'',9' 4'',4.6,9.75,11.0
2010,12341,Jon,Scheyer,PG-SG,6' 4.75'',6' 6'',180,6' 3.25'',8' 3'',5.4,7.75,9.5
2010,202362,Lance,Stephenson,SG,6' 4.5'',6' 5.75'',227,6' 10.5'',8' 7'',9.3,9.0,10.25
2010,12343,Mikhail,Torrance,PG,6' 4'',6' 5'',208.8,6' 7.5'',8' 7'',7.0,8.75,9.5
2010,202323,Evan,Turner,SG,6' 5.75'',6' 7'',213.8,6' 8'',8' 7.5'',8.6,8.75,9.5
2010,202327,Ekpe,Udoh,PF,6' 8.75'',6' 9.75'',237.4,7' 4.5'',8' 10.5'',8.0,9.5,8.75
2010,12346,Jarvis,Varnado,PF-C,6' 8.25'',6' 10'',210.2,7' 3.5'',9' 1.5'',9.5,9.25,9.5
2010,202349,Greivis,Vasquez,PG-SG,6' 5'',6' 6.5'',210.8,6' 7'',8' 5'',8.6,7.75,9.25
2010,202322,John,Wall,PG,6' 2.75'',6' 4'',195.6,6' 9.25'',8' 5.5'',5.6,8.25,9.5
2010,202378,Willie,Warren,SG-PG,6' 2.5'',6' 3.75'',208.4,6' 6'',8' 3.5'',7.6,8.5,9.5
2010,202358,Terrico,White,SG-PG,6' 3.75'',6' 5'',202.6,6' 9'',8' 5'',3.7,9.0,10.5
2010,202355,Hassan,Whiteside,C-PF,6' 10.5'',6' 11.5'',226.6,7' 7'',9' 5'',5.5,8.25,10.25
2011,202728,Keith,Benson,C-PF,6' 10'',6' 11'',217,7' 3.75'',9' 1.5'',6.1,9.5,11.0
2011,202705,Marshon,Brooks,SG,6' 4.25'',6' 5.25'',194.6,7' 1'',8' 5'',5.2,9.0,10.5
2011,202692,Alec,Burks,SG,6' 5'',6' 6'',192.6,6' 10'',8' 7.5'',5.1,9.0,8.25
2011,202710,Jimmy,Butler,SF,6' 6'',6' 7.75'',222.2,6' 7.5'',8' 5.5'',5.4,9.0,9.0
2011,202708,Norris,Cole,PG,6' 0.25'',6' 1.75'',174.4,6' 2.25'',7' 11.5'',4.7,8.5,9.5
2011,202739,Jon,Diebler,SG,6' 5.25'',6' 6.5'',196.6,6' 6'',8' 3'',8.5,8.25,8.25
2011,12406,Michael,Dunigan,PF-C,6' 8.5'',6' 10'',237.6,7' 3.25'',8' 11.5'',8.0,9.0,10.75
2011,12407,LaceDarius,Dunn,SG,6' 3'',6' 4'',187.8,6' 6.25'',8' 5'',5.5,9.0,10.25
2011,202702,Kenneth,Faried,PF,6' 6'',6' 7.5'',224.6,7' 0'',9' 0'',6.3,8.5,10.25
2011,12409,James,Fredette,PG,6' 0.75'',6' 2.5'',196,6' 4.5'',8' 0.5'',7.7,8.0,8.5
2011,202726,Andrew,Goudelock,PG,6' 1.25'',6' 2.75'',197.6,6' 4.25'',8' 0.5'',9.9,8.25,9.25
2011,202706,Jordan,Hamilton,SF,6' 6.75'',6' 8.5'',228.4,6' 9.5'',8' 8'',9.8,9.0,9.25
2011,202712,Justin,Harper,PF-SF,6' 8'',6' 8.75'',228,6' 11.75'',8' 10'',4.0,9.0,9.25
2011,202699,Tobias,Harris,SF-PF,6' 6.5'',6' 7.75'',222.8,6' 11'',8' 7.5'',8.4,8.75,9.0
2011,202715,Tyler,Honeycutt,SF,6' 6.75'',6' 8.25'',186.8,6' 9'',8' 9'',5.3,8.5,9.5
2011,12415,Scotty,Hopson,SG,6' 5.75'',6' 6.5'',204.6,6' 10.5'',8' 7.5'',4.8,8.5,10.0
2011,202681,Kyrie,Irving,PG,6' 1.75'',6' 3.5'',191,6' 4'',8' 3'',10.2,8.25,9.25
2011,12417,Rick,Jackson,PF,6' 8.25'',6' 9.25'',241.8,7' 2'',8' 10.5'',8.3,8.75,9.5
2011,202724,Charles,Jenkins,PG-SG,6' 1.5'',6' 3.25'',216.4,6' 7.5'',8' 0.5'',4.3,8.5,9.0
2011,202707,JaJuan,Johnson,PF,6' 9'',6' 10'',219.8,7' 2'',8' 11.5'',7.5,9.0,10.0
2011,202709,Cory,Joseph,PG,6' 2'',6' 3.25'',186.2,6' 5.5'',8' 3'',9.7,8.5,10.5
2011,202683,Enes,Kanter,PF-C,6' 9.75'',6' 11.25'',259.2,7' 1.5'',9' 1.5'',5.9,9.5,10.75
2011,202688,Brandon,Knight,PG,6' 1.5'',6' 3.25'',176.8,6' 6.75'',8' 2.5'',4.2,8.25,9.5
2011,202723,Malcolm,Lee,SG,6' 4'',6' 5.5'',198.2,6' 9.75'',8' 5.5'',5.9,8.5,9.5
2011,202695,Kawhi,Leonard,SF,6' 6'',6' 7'',227.4,7' 3'',8' 10'',5.4,9.75,11.25
2011,202727,Travis,Leslie,SG,6' 3'',6' 4.25'',205,6' 10.5'',8' 7'',8.1,8.75,9.25
2011,202720,Jon,Leuer,PF,6' 10'',6' 11.5'',223.2,7' 0'',8' 9.5'',5.4,8.75,9.75
2011,202732,DeAndre,Liggins,SF-SG,6' 5'',6' 6.25'',202.2,6' 11'',8' 7.5'',5.0,8.75,10.0
2011,12428,David,Lighty,SG,6' 4.75'',6' 6.5'',216.2,6' 8'',8' 5'',6.5,9.0,10.0
2011,202714,Shelvin,Mack,PG,6' 1'',6' 2.5'',209,6' 7.5'',8' 0.5'',7.1,8.25,9.25
2011,12430,Demetri,McCamey,PG,6' 1.75'',6' 3.25'',204,6' 6.25'',8' 3.5'',6.1,8.5,9.0
2011,202734,E'Twaun,Moore,SG,6' 2.5'',6' 4'',191.4,6' 9.5'',8' 3.5'',7.6,9.0,10.0
2011,202693,Markieff,Morris,PF,6' 7.75'',6' 9.25'',240.8,6' 10.75'',8' 10.5'',10.2,8.5,8.25
2011,202694,Marcus,Morris,PF-SF,6' 7'',6' 8.75'',229.6,6' 10'',8' 9.5'',8.0,8.25,8.5
2011,202721,Darius,Morris,PG-SG,6' 3.25'',6' 5.25'',190,6' 7.5'',8' 6'',5.3,8.75,10.0
2011,202718,Chandler,Parsons,SF,6' 8.75'',6' 9.75'',221.2,6' 9.5'',8' 8.5'',7.0,8.25,10.0
2011,12436,Jereme,Richmond,SF,6' 6'',6' 7.25'',207.2,6' 10.25'',8' 10.5'',5.5,8.75,9.5
2011,202729,Josh,Selby,SG-PG,6' 1.75'',6' 3'',194.6,6' 5.25'',8' 2'',7.9,8.5,9.0
2011,202697,Iman,Shumpert,PG-SG,6' 4.25'',6' 5.5'',221.8,6' 9.5'',8' 3.5'',6.5,9.0,9.0
2011,202713,Kyle,Singler,SF,6' 7.5'',6' 8.5'',228,6' 10.1'',8' 10'',10.0,8.25,8.75
2011,202698,Chris,Singleton,SF,6' 7.75'',6' 9'',230.2,7' 1'',8' 7.5'',7.4,9.25,10.0
2011,12441,Jamie,Skeen,PF,6' 6.5'',6' 8'',241.6,7' 1.25'',8' 10.5'',9.8,8.5,8.5
2011,12442,Gregory,Smith,PF-C,6' 8'',6' 9.25'',252.8,7' 2.5'',8' 10.5'',7.4,9.75,12.0
2011,202701,Nolan,Smith,PG,6' 1.5'',6' 3.5'',187.6,6' 5.5'',8' 3'',5.6,8.5,9.25
2011,12445,Malcolm,Thomas,PF,6' 7.5'',6' 8.75'',223,7' 0.5'',8' 11.5'',5.9,9.5,10.5
2011,202738,Isaiah,Thomas,PG,5' 8.75'',5' 10.25'',186,6' 1.75'',7' 7.5'',6.7,8.25,9.0
2011,202717,Trey,Thompkins,PF,6' 8.5'',6' 9.75'',239,7' 1'',8' 11.5'',15.5,9.25,9.75
2011,202684,Tristan,Thompson,PF,6' 7.5'',6' 8.75'',227.4,7' 1.25'',9' 0.5'',6.2,8.75,9.25
2011,202691,Klay,Thompson,SG,6' 5.75'',6' 7.25'',205.6,6' 9'',8' 7.5'',8.0,8.75,9.25
2011,202719,Jeremy,Tyler,PF-C,6' 9'',6' 10.5'',262.4,7' 5'',9' 2.5'',13.4,9.25,9.0
2011,202696,Nikola,Vucevic,PF-C,6' 10.25'',6' 11.75'',259.8,7' 4.5'',9' 4.5'',6.1,9.25,10.25
2011,202689,Kemba,Walker,PG,5' 11.5'',6' 1'',184,6' 3.5'',7' 7.5'',5.9,8.0,9.0
2011,202682,Derrick,Williams,PF-SF,6' 7.25'',6' 8.75'',248.4,7' 1.5'',9' 0'',10.8,9.0,9.75
2011,202716,Jordan,Williams,PF,6' 7.75'',6' 9'',247.2,7' 0.25'',8' 10.5'',12.1,9.25,10.0
2012,203112,Quincy,Acy,PF,6' 6.5'',6' 7.75'',223.8,7' 2.75'',8' 10.5'',7.1,9.5,11.0
2012,203084,Harrison,Barnes,SF-SG,6' 7'',6' 8'',227.8,6' 11.25'',8' 5.5'',9.6,9.0,8.5
2012,203115,Will,Barton,SG-SF,6' 5'',6' 6'',174.4,6' 9.75'',8' 6.5'',4.1,9.0,9.5
2012,203078,Bradley,Beal,SG,6' 3.25'',6' 4.75'',201.8,6' 8'',8' 4'',6.0,8.5,9.0
2012,12458,J'Covan,Brown,PG,6' 1'',6' 2.25'',202.4,6' 5.25'',8' 0'',12.5,7.75,8.25
2012,203733,William,Buford,SG-SF,6' 4'',6' 5'',214.6,6' 9.5'',8' 6'',11.3,8.75,10.0
2012,203109,Jae,Crowder,SF,6' 4.75'',6' 6.5'',241.2,6' 9.25'',8' 3.5'',9.0,9.5,10.5
2012,203099,Jared,Cunningham,SG-PG,6' 3.5'',6' 5'',187.6,6' 6.5'',8' 2'',3.6,8.25,9.0
2012,203076,Anthony,Davis,PF-C,6' 9.25'',6' 10.5'',221.8,7' 5.5'',9' 0'',7.9,9.0,8.5
2012,203134,Marcus,Denmon,SG,6' 2.25'',6' 3.25'',188.2,6' 5'',7' 10.5'',6.6,8.25,9.75
2012,203083,Andre,Drummond,C,6' 9.75'',6' 11.75'',278.6,7' 6.25'',9' 1.5'',7.5,9.5,9.5
2012,203119,Kim,English,SG,6' 4.5'',6' 5.75'',192,6' 6.5'',8' 2'',4.3,8.5,8.75
2012,203105,Festus,Ezeli,C-PF,6' 9.75'',6' 11.5'',264.2,7' 5.75'',9' 0'',5.5,9.0,10.75
2012,12467,Drew,Gordon,PF,6' 8'',6' 8.75'',239,6' 11.5'',8' 7.5'',9.1,8.5,9.75
2012,203110,Draymond,Green,PF-SF,6' 5.75'',6' 7.5'',235.6,7' 1.25'',8' 9'',11.3,9.0,9.5
2012,203254,JaMychal,Green,PF,6' 8'',6' 9'',217.4,7' 2.25'',8' 10.5'',9.8,9.25,9.25
2012,203090,Maurice,Harkless,SF,6' 7.25'',6' 8.75'',206.6,7' 0'',8' 6.5'',5.3,9.25,10.25
2012,203089,John,Henson,PF,6' 9'',6' 10.5'',216,7' 5'',9' 4'',8.6,9.25,10.0
2012,203189,Tu,Holloway,PG,5' 10.5'',5' 11.75'',186.8,6' 5.5'',7' 10.5'',8.5,8.75,10.0
2012,203133,Robbie,Hummel,SF,6' 7.25'',6' 8.5'',218,6' 8.5'',8' 6'',9.4,8.5,9.5
2012,203108,Bernard,James,PF,6' 8.75'',6' 10'',229.8,7' 3'',9' 0.5'',5.0,9.0,9.25
2012,203098,John,Jenkins,SG,6' 3.25'',6' 4.25'',212,6' 8.5'',8' 2'',7.1,9.0,9.0
2012,203111,Orlando,Johnson,SG,6' 3.75'',6' 5.25'',223.8,6' 11.25'',8' 3'',7.0,9.0,9.5
2012,203130,Darius,Johnson-Odom,SG,6' 1.5'',6' 3'',212,6' 7'',8' 0'',7.0,8.75,8.75
2012,203093,Terrence,Jones,PF-SF,6' 8.25'',6' 9.5'',252,7' 2.25'',8' 11'',7.7,9.0,10.0
2012,203103,Perry,Jones,PF-SF,6' 10.25'',6' 11.25'',233.8,7' 1.75'',8' 11'',4.6,9.25,9.5
2012,203158,Kevin,Jones,PF,6' 6.25'',6' 7.5'',251.2,7' 1.5'',8' 9'',11.2,9.0,7.75
2012,203126,Kris,Joseph,SG,6' 6'',6' 7'',215,6' 11'',8' 8'',8.6,9.0,9.0
2012,203077,Michael,Kidd-Gilchrist,SF,6' 5.75'',6' 7.5'',232.8,7' 0'',8' 8.5'',7.0,9.0,10.25
2012,203087,Jeremy,Lamb,SG,6' 4'',6' 5.25'',179.2,6' 11'',8' 6'',4.5,8.75,9.25
2012,203117,Doron,Lamb,SG-PG,6' 3.25'',6' 4.75'',199.4,6' 6.75'',8' 2.5'',6.7,8.5,8.75
2012,203086,Meyers,Leonard,C,6' 11.75'',7' 1.25'',249.8,7' 3'',9' 0'',5.7,9.25,11.0
2012,203081,Damian,Lillard,PG,6' 1.75'',6' 2.75'',188.8,6' 7.75'',7' 11.5'',5.9,8.75,9.75
2012,203159,Scott,Machado,PG,6' 1'',6' 2'',205.8,6' 4'',7' 10.5'',5.8,8.5,9.5
2012,203088,Kendall,Marshall,PG,6' 3.25'',6' 4.25'',198.4,6' 5.5'',8' 0'',7.8,8.5,9.0
2012,203097,Fab,Melo,C,6' 10.75'',7' 0'',255,7' 2.5'',9' 2'',9.2,9.0,10.0
2012,203114,Khris,Middleton,SF,6' 6.75'',6' 8.25'',216.2,6' 10.75'',8' 7'',7.8,9.0,9.0
2012,203113,Quincy,Miller,SF,6' 8.75'',6' 10'',218.7,7' 1.25'',8' 9'',7.8,9.25,10.25
2012,203121,Darius,Miller,SF-SG,6' 6'',6' 7.5'',233.4,6' 9'',8' 5'',7.5,8.5,8.75
2012,203183,Tony,Mitchell,SG,6' 5.25'',6' 6.25'',216.4,6' 10'',8' 4'',5.7,8.5,10.0
2012,203102,Arnett,Moultrie,PF,6' 9.5'',6' 10.75'',232.8,7' 2.25'',8' 10.5'',7.7,9.25,9.25
2012,203122,Kevin,Murphy,SG,6' 5'',6' 6.25'',194,6' 6.75'',8' 3'',5.8,8.5,8.5
2012,203094,Andrew,Nicholson,PF,6' 8.5'',6' 9.5'',234,7' 4'',8' 11'',7.6,10.0,10.75
2012,203124,Kyle,O'Quinn,PF,6' 8.5'',6' 10'',240.8,7' 4.75'',8' 10.5'',8.0,9.5,10.0
2012,203101,Miles,Plumlee,PF-C,6' 10.5'',6' 11.75'',252.4,7' 0.75'',8' 9.5'',11.4,9.25,9.0
2012,203085,Austin,Rivers,SG-PG,6' 3.5'',6' 5'',202.8,6' 7.25'',8' 0.5'',6.2,8.5,10.0
2012,203080,Thomas,Robinson,PF,6' 7.75'',6' 8.75'',244.2,7' 3.25'',8' 10'',5.0,9.75,10.5
2012,203082,Terrence,Ross,SG-SF,6' 6'',6' 7'',196.6,6' 7.25'',8' 4.5'',3.2,8.75,10.25
2012,203107,Tomas,Satoransky,PG-SG,6' 6.5'',6' 7.5'',200.6,6' 7.25'',8' 4'',5.2,8.5,9.5
2012,203118,Mike,Scott,PF,6' 7.25'',6' 8.75'',240.8,6' 10.75'',8' 8'',10.6,8.5,9.0
2012,203156,Henry,Sims,C-PF,6' 10'',6' 11.75'',241.2,7' 4'',9' 0'',7.7,9.25,10.0
2012,203096,Jared,Sullinger,PF,6' 7.75'',6' 9'',268.2,7' 1.25'',8' 9.5'',10.7,9.25,9.75
2012,12507,Jordan,Taylor,PG,6' 1'',6' 2'',192.8,6' 3'',7' 8.5'',5.5,8.25,9.5
2012,203106,Jeff,Taylor,SF-SG,6' 6'',6' 7.25'',212.8,6' 6.25'',8' 5.5'',4.2,8.25,9.75
2012,203116,Tyshawn,Taylor,PG,6' 2.75'',6' 4'',177,6' 6.25'',8' 1.5'',4.2,8.75,8.75
2012,203104,Marquis,Teague,PG,6' 1'',6' 2'',179.8,6' 7.25'',8' 0.5'',6.3,8.25,7.75
2012,203138,Hollis,Thompson,SF,6' 6.75'',6' 8'',206,6' 9.5'',8' 6.5'',6.0,8.25,9.75
2012,203079,Dion,Waiters,SG,6' 2.5'',6' 4'',221,6' 7.25'',8' 2'',8.5,8.5,9.5
2012,203091,Royce,White,PF,6' 7'',6' 8'',260.6,7' 0'',8' 8.5'',10.6,9.5,11.5
2012,203100,Tony,Wroten,PG,6' 4.75'',6' 6'',203.2,6' 9'',8' 5'',5.2,8.0,9.0
2012,203092,Tyler,Zeller,PF-C,6' 11.25'',7' 0.5'',247.4,7' 0'',8' 8.5'',6.4,9.0,9.75
2013,203500,Steven,Adams,C,6' 10.75'',7' 0'',254.5,7' 4.5'',9' 1.5'',6.65,9.5,11.0
2013,203505,Vander,Blue,SG,6' 3.5'',6' 5.25'',197.4,6' 6'',8' 4.5'',4.6,8.5,9.5
2013,203485,Lorenzo,Brown,PG,6' 4'',6' 5.25'',189.2,6' 7'',8' 4'',3.95,8.25,8.5
2013,203493,Reggie,Bullock,SG-SF,6' 5.75'',6' 7'',199.8,6' 8.75'',8' 6'',6.95,8.5,9.0
2013,203504,Trey,Burke,PG,5' 11.75'',6' 1.25'',187,6' 5.5'',8' 1.5'',6.9,8.25,8.75
2013,203484,Kentavious,Caldwell-Pope,SG,6' 4.5'',6' 5.5'',203.6,6' 8'',8' 4.5'',6.45,8.5,9.0
2013,203477,Isaiah,Canaan,PG,5' 11'',6' 0'',188.4,6' 4.5'',7' 10.5'',5.9,8.25,9.5
2013,203478,Jackie,Carmichael,PF,6' 7.5'',6' 9'',241.2,7' 1.5'',8' 11'',5.8,9.0,10.25
2013,203487,Michael,Carter-Williams,PG,6' 4.75'',6' 5.75'',184.4,6' 7.25'',8' 5'',4.4,7.5,8.5
2013,12524,Will,Clyburn,SF-SG,6' 5.75'',6' 7'',210.4,7' 0.25'',8' 9'',6.85,9.25,10.25
2013,203496,Robert,Covington,SF-PF,6' 6.25'',6' 7.5'',208.6,7' 1.75'',8' 10'',4.7,9.0,8.5
2013,203459,Allen,Crabbe,SG,6' 5.25'',6' 6.25'',197.4,6' 11.25'',8' 7.5'',4.65,8.25,8.5
2013,203552,Seth,Curry,SG,6' 1'',6' 3'',179.2,6' 4'',8' 1.5'',9.6,8.0,8.25
2013,203561,Brandon,Davies,PF,6' 8.5'',6' 10.25'',241.8,7' 1.5'',9' 0.5'',8.6,9.0,11.0
2013,203473,Dewayne,Dedmon,C,6' 10'',6' 11.5'',238.8,7' 4'',9' 1'',8.35,9.0,11.0
2013,203476,Gorgui,Dieng,C,6' 9.75'',6' 10.75'',229.6,7' 3.5'',9' 3.5'',5.35,9.0,10.0
2013,203516,James,Ennis,SF,6' 5.75'',6' 7'',200.8,6' 11.5'',8' 8.5'',4.5,8.5,8.75
2013,203467,Carrick,Felix,SF-SG,6' 4.75'',6' 6.25'',202.6,6' 9.25'',8' 7.5'',3.3,8.5,9.5
2013,203479,Jamaal,Franklin,SG-SF,6' 4'',6' 5.25'',190.8,6' 11.25'',8' 7.5'',8.25,8.5,8.25
2013,203497,Rudy,Gobert,C,7' 0.5'',7' 2'',237.6,7' 8.5'',9' 7'',4.4,9.75,10.0
2013,203462,Archie,Goodwin,SG,6' 3.75'',6' 5.25'',189,6' 9.5'',8' 6'',4.55,8.5,9.0
2013,203475,Erick,Green,PG,6' 1.5'',6' 3'',178.2,6' 5.75'',8' 2'',4.35,8.5,9.0
2013,203501,Tim,Hardaway Jr.,SG,6' 4.5'',6' 6.25'',199.4,6' 7'',8' 5'',6.05,8.0,9.25
2013,203524,Solomon,Hill,SF,6' 5.5'',6' 7'',226,6' 9'',8' 7'',7.6,9.0,10.5
2013,203494,Richard,Howell,PF,6' 6.25'',6' 7.5'',249.6,6' 10.25'',8' 9.5'',8.75,8.75,9.5
2013,203470,Colton,Iverson,C,6' 10.5'',7' 0'',262.8,7' 2'',9' 2'',9.6,9.25,9.5
2013,203510,Pierre,Jackson,PG,5' 9.5'',5' 10.5'',176,5' 10'',7' 6'',4.5,7.5,8.25
2013,203511,Grant,Jerrett,PF,6' 8.75'',6' 10.25'',232,7' 2'',9' 1'',10.05,8.5,9.25
2013,203509,Myck,Kabongo,PG,6' 1.25'',6' 2.75'',180.4,6' 6.25'',8' 2'',6.0,8.25,9.0
2013,203483,Kenny,Kadji,PF-C,6' 8.75'',6' 10'',241.6,7' 3'',8' 10.5'',7.45,9.0,10.25
2013,203527,Ryan,Kelly,PF,6' 9.75'',6' 11.75'',228,6' 11.5'',9' 2'',14.75,9.0,10.0
2013,203499,Shane,Larkin,PG,5' 10.25'',5' 11.5'',170.8,5' 10.75'',7' 5.5'',3.8,7.5,8.75
2013,203495,Ricky,Ledo,SG,6' 4.75'',6' 6'',197.2,6' 7.25'',8' 6.5'',10.25,8.5,9.25
2013,203458,Alex,Len,C,,,,7' 3.5'',,6.4,9.0,10.75
2013,203466,CJ,Leslie,PF-SF,6' 7.5'',6' 8.75'',209.2,7' 2.25'',8' 8.5'',7.95,8.75,9.0
2013,203522,Trevor,Mbakwe,PF,6' 6.75'',6' 8'',235.8,7' 4'',8' 10.5'',5.9,9.5,11.5
2013,203492,Ray,McCallum,PG,6' 0.25'',6' 1.75'',191.4,6' 3.25'',8' 0.5'',7.3,8.0,8.75
2013,203468,CJ,McCollum,PG-SG,6' 2.25'',6' 3.25'',197,6' 6.25'',8' 0.5'',8.6,8.0,9.5
2013,203463,Ben,McLemore,SG,6' 3.5'',6' 4.75'',189.2,6' 7.75'',8' 4.5'',5.0,8.75,9.5
2013,203502,Tony,Mitchell,PF-SF,6' 7.5'',6' 8.75'',236.4,7' 2.5'',8' 10.5'',5.55,9.0,10.0
2013,203498,Shabazz,Muhammad,SF-SG,6' 4.75'',6' 6.25'',221.8,6' 11'',8' 8.5'',9.0,9.0,10.0
2013,203513,Erik,Murphy,PF,6' 8.75'',6' 9.5'',239.8,6' 10.5'',9' 0'',7.95,8.75,9.75
2013,203488,Mike,Muscala,C-PF,6' 10.25'',6' 11.5'',230.2,7' 1'',9' 0'',6.8,8.5,9.0
2013,203457,Nerlens,Noel,C,6' 10'',6' 11.75'',206.4,7' 3.75'',9' 2'',4.15,9.5,10.0
2013,203506,Victor,Oladipo,SG,6' 3.25'',6' 4.25'',213.2,6' 9.25'',8' 4.5'',6.55,8.75,9.25
2013,203482,Kelly,Olynyk,PF-C,6' 10.75'',7' 0'',234,6' 9.75'',9' 0'',6.65,8.5,10.0
2013,203464,Brandon,Paul,SG,6' 2.75'',6' 4'',201,6' 10.25'',8' 2'',5.25,8.5,9.5
2013,203658,Norvel,Pelle,PF-C,6' 9.5'',6' 10.5'',207.2,7' 2.5'',9' 1'',5.15,8.75,9.5
2013,203486,Mason,Plumlee,C-PF,6' 11.25'',7' 0.5'',238.2,6' 11'',9' 0'',6.15,9.75,9.5
2013,203490,Otto,Porter,SF,6' 7.5'',6' 8.5'',197.6,7' 1.5'',8' 9.5'',6.65,8.75,9.25
2013,203515,Phil,Pressey,PG,5' 9.5'',5' 11.5'',177,6' 2.25'',7' 8'',4.7,7.75,9.75
2013,203318,Glen,Rice,SF-SG,6' 4.5'',6' 5.75'',210.8,6' 9.25'',8' 5.5'',8.45,8.5,9.0
2013,203460,Andre,Roberson,PF-SF,6' 6.25'',6' 7'',205.8,6' 11'',8' 8.5'',7.05,8.75,9.5
2013,203471,Dennis,Schroder,PG,6' 1'',6' 2'',164.8,6' 7.75'',8' 2'',4.1,8.75,10.5
2013,203491,Peyton,Siva,PG,5' 11.5'',6' 1'',180.6,6' 3'',7' 9'',6.05,8.0,9.75
2013,203503,Tony,Snell,SF-SG,6' 6'',6' 7.25'',198.2,6' 11.5'',8' 9.5'',4.85,9.0,9.5
2013,203480,James,Southerland,SF-PF,6' 7'',6' 8'',220.6,7' 1'',8' 10'',8.05,8.0,9.5
2013,203472,Deshaun,Thomas,SF,6' 5'',6' 7'',219.8,6' 10'',8' 8'',9.1,8.0,8.75
2013,203519,Adonis,Thomas,SF,6' 4.75'',6' 5.75'',231.8,7' 1'',8' 3'',7.5,9.25,9.5
2013,203481,Jeff,Withey,C,6' 10.75'',7' 0.5'',221.8,7' 2'',9' 2.5'',8.65,9.0,9.75
2013,203489,Nate,Wolters,PG,6' 3.5'',6' 4.75'',196.4,6' 3.75'',8' 2'',5.5,8.25,8.75
2013,203523,BJ,Young,SG-PG,6' 2.25'',6' 3.5'',178.8,6' 8.25'',8' 3'',4.7,8.5,9.5
2013,203469,Cody,Zeller,C-PF,6' 10.75'',7' 0.25'',230,6' 10.75'',8' 10'',4.75,8.5,10.5
2014,203919,Jordan,Adams,SG,6' 3.5'',6' 4.75'',208.8,6' 10'',8' 6'',10.8,8.5,7.5
2014,203937,Kyle,Anderson,SF,6' 7.5'',6' 8.5'',230.1,7' 2.75'',8' 11.5'',13.35,8.25,8.75
2014,203648,Thanasis,Antetokounmpo,SF,6' 5.25'',6' 6.25'',205.2,7' 0'',8' 8.5'',6.05,9.0,9.75
2014,203947,Jordan,Bachynski,PF,7' 1.25'',7' 2'',254.1,7' 4'',9' 0.5'',7.45,9.25,10.0
2014,203946,Cameron,Bairstow,PF,6' 8.75'',6' 9.75'',252.4,7' 0.75'',8' 11'',8.7,8.75,9.0
2014,203920,Khem,Birch,PF,6' 7.5'',6' 9.25'',208.8,7' 1'',8' 11'',6.0,9.0,8.5
2014,203900,Markel,Brown,SG,6' 2.5'',6' 3.5'',184.4,6' 8.75'',8' 4'',4.2,8.25,9.75
2014,203913,Jabari,Brown,SG,6' 3'',6' 4.25'',201.9,6' 8.25'',8' 4'',6.05,9.0,9.25
2014,203938,Alec,Brown,PF,7' 0.25'',7' 1.25'',231.2,7' 1.5'',9' 1'',7.7,9.25,8.75
2014,203907,Deonte,Burton,PG,6' 0'',6' 1.25'',192.8,6' 7'',8' 1.5'',7.65,8.25,8.0
2014,203902,Semaj,Christon,PG,6' 1.5'',6' 3.25'',186,6' 6.5'',8' 3'',5.25,8.5,8.25
2014,203903,Jordan,Clarkson,PG,6' 3.25'',6' 5'',186.3,6' 8'',8' 2'',4.3,8.25,9.0
2014,203905,Aaron,Craft,PG,6' 0.75'',6' 1.75'',191.6,6' 2'',7' 10.5'',6.1,7.75,8.5
2014,203908,DeAndre,Daniels,SF,6' 7.25'',6' 8.5'',196,7' 2'',8' 10.5'',3.85,9.25,10.5
2014,203915,Spencer,Dinwiddie,PG,6' 4.5'',6' 6'',204.9,6' 8.25'',8' 7'',5.35,8.25,9.0
2014,203921,Cleanthony,Early,SF,6' 6'',6' 7.25'',209.4,6' 10.75'',8' 5.5'',4.45,8.5,9.0
2014,203929,Melvin,Ejim,SF,6' 5.25'',6' 7'',218.5,6' 11.25'',8' 7.5'',6.45,8.75,9.25
2014,203898,Tyler,Ennis,PG,6' 1'',6' 2.5'',181.5,6' 7.25'',8' 2'',6.2,8.25,8.75
2014,203957,Dante,Exum,SG,6' 4.5'',6' 6'',196.3,6' 9.5'',8' 7'',6.4,8.5,9.5
2014,203927,C.J.,Fair,SF,6' 6.5'',6' 8'',218.1,6' 9.5'',8' 8'',5.05,9.0,9.0
2014,203932,Aaron,Gordon,PF,6' 7.5'',6' 8.75'',220.1,6' 11.75'',8' 9'',5.05,8.75,10.5
2014,203924,Jerami,Grant,SF,6' 6.5'',6' 7.75'',214,7' 2.75'',8' 11'',3.75,9.25,9.25
2014,203798,P.J.,Hairston,SG,6' 4.25'',6' 5.25'',228.8,6' 9'',8' 5'',8.2,8.75,9.75
2014,203914,Gary,Harris,SG,6' 2.5'',6' 4.5'',204.8,6' 6.75'',8' 0'',4.55,8.5,9.5
2014,203925,Joe,Harris,SG,6' 4.75'',6' 6.25'',215,6' 6'',8' 4'',6.2,8.5,9.75
2014,203918,Rodney,Hood,SF,6' 7.25'',6' 8.5'',208.2,6' 8.5'',8' 7'',7.45,8.5,8.5
2014,203928,Cory,Jefferson,PF,6' 7.75'',6' 9'',218.4,7' 0.5'',8' 9'',5.25,8.75,9.75
2014,203910,Nick,Johnson,SG,6' 1.5'',6' 3'',198,6' 7.25'',8' 0.5'',6.05,8.75,9.75
2014,203930,Sean,Kilpatrick,SG,6' 2.5'',6' 4.25'',218.7,6' 7'',8' 3'',9.2,9.0,9.0
2014,203945,Alex,Kirk,PF,6' 9.25'',6' 10.75'',252,7' 3.5'',9' 1.5'',13.6,9.25,10.5
2014,203897,Zach,LaVine,PG,6' 4.5'',6' 5.75'',180.9,6' 8.25'',8' 4'',4.7,8.25,8.75
2014,203906,Devyn,Marble,SG,6' 5'',6' 6.5'',192.4,6' 9'',8' 6'',6.9,8.25,8.5
2014,203949,James,McAdoo,PF,6' 7.5'',6' 8.75'',227.6,7' 2.25'',8' 10.5'',6.15,9.25,9.0
2014,203909,K.J.,McDaniels,SF,6' 4.5'',6' 6'',195.6,6' 11.25'',8' 6'',4.45,8.75,9.75
2014,203926,Doug,McDermott,SF,6' 6.25'',6' 7.75'',218,6' 9.25'',8' 7'',7.1,8.75,9.75
2014,203895,Jordan,McRae,SG,6' 3.75'',6' 5.25'',179.4,7' 0.5'',8' 8'',5.2,8.75,8.5
2014,203894,Shabazz,Napier,PG,5' 11'',6' 1'',175.2,6' 3.25'',7' 9'',7.35,8.25,8.5
2014,203948,Johnny,O’Bryant III,PF,6' 7.25'',6' 8.5'',256.8,7' 2.25'',8' 9'',10.75,9.25,9.5
2014,203934,Lamar,Patterson,SG,6' 4'',6' 5.25'',226,6' 11'',8' 5'',10.75,9.0,9.25
2014,203940,Adreian,Payne,PF,6' 9'',6' 9.75'',238.5,7' 4'',9' 1'',7.55,9.25,9.5
2014,203901,Elfrid,Payton,PG,6' 2.5'',6' 3.75'',185.4,6' 8'',8' 2.5'',5.65,8.75,9.0
2014,203939,Dwight,Powell,PF,6' 9.5'',6' 11'',234.4,7' 0.5'',8' 9'',6.2,9.0,9.25
2014,203944,Julius,Randle,PF,6' 7.75'',6' 9'',249.7,7' 0'',8' 9.5'',9.4,8.75,8.25
2014,203922,Glenn,Robinson III,SF,6' 5.5'',6' 6.75'',211.4,6' 10'',8' 4.5'',5.05,9.0,9.5
2014,203941,LaQuinton,Ross,SF,6' 6.5'',6' 7.5'',238.7,7' 1.75'',8' 10'',16.3,8.75,9.75
2014,203935,Marcus,Smart,PG,6' 2'',6' 3.25'',227.2,6' 9.25'',8' 3'',10.55,9.0,8.75
2014,203893,Russ,Smith,PG,5' 11.5'',6' 0.75'',160,6' 3.5'',7' 11'',3.5,8.25,8.5
2014,203917,Nik,Stauskas,SG,6' 5.25'',6' 6.5'',206.9,6' 7.75'',8' 6'',12.05,8.5,8.5
2014,203950,Jarnell,Stokes,PF,6' 7'',6' 8.5'',262.8,7' 1.25'',8' 7.5'',8.2,9.75,10.5
2014,203904,Xavier,Thames,PG,6' 2.25'',6' 3.5'',187,6' 4'',8' 0'',6.4,8.25,9.0
2014,203943,Noah,Vonleh,PF,6' 8'',6' 9.5'',247.1,7' 4.25'',9' 0'',7.3,9.75,11.75
2014,203933,T.J.,Warren,SF,6' 7'',6' 8.25'',220.2,6' 10.25'',8' 8'',7.95,8.75,9.0
2014,203912,C.J.,Wilcox,SG,6' 3.5'',6' 5'',201,6' 9.75'',8' 4.5'',6.5,8.75,9.0
2014,203899,Kendall,Williams,PG,6' 2.25'',6' 3.75'',183,6' 5.5'',8' 3'',7.2,8.0,7.75
2014,203923,James,Young,SG,6' 5.25'',6' 6.75'',213.3,7' 0'',8' 8'',5.1,9.0,9.5
2014,203942,Patric,Young,PF,6' 8.5'',6' 10'',246.8,7' 1.75'',8' 7.5'',5.45,9.25,9.5
2015,1626146,Cliff,Alexander,PF-C,6' 7.25'',6' 8.5'',239.2,7' 3.5'',9' 1.5'',5.8,9.5,10.25
2015,1626147,Justin,Anderson,SF-SG,6' 5.25'',6' 6.25'',230.6,6' 11.75'',8' 5'',5.0,8.5,9.5
2015,1626165,Brandon,Ashley,PF,6' 7.25'',6' 8.5'',228,7' 3.75'',8' 9'',8.8,9.0,9.5
2015,1626207,Ryan,Boatright,PG,5' 10'',5' 11'',169.6,6' 0.5'',7' 8.5'',6.6,7.5,8.75
2015,1626164,Devin,Booker,SG,6' 4.5'',6' 5.75'',205.8,6' 8.25'',8' 6.5'',8.3,8.75,9.0
2015,1626148,Anthony,Brown,SF-SG,6' 5.75'',6' 7.25'',211,6' 11'',8' 8.5'',6.1,8.5,9.0
2015,1626161,Willie,Cauley-Stein,C,6' 11.25'',7' 0.5'',242.4,7' 3'',9' 3'',6.3,9.5,9.0
2015,1626176,Rakeem,Christmas,PF-C,6' 8.25'',6' 9.75'',242.6,7' 5.25'',9' 2.5'',9.6,9.25,9.0
2015,1626192,Pat,Connaughton,SG,6' 4'',6' 5.25'',215,6' 8'',8' 0'',10.2,8.5,9.25
2015,1626188,Quinn,Cook,PG,6' 0.25'',6' 2'',179,6' 4'',8' 0.5'',6.7,7.5,8.75
2015,1626183,Branden,Dawson,PF,6' 5.5'',6' 6.75'',230.2,6' 11'',8' 9'',5.8,9.0,8.75
2015,1626155,Sam,Dekker,SF,6' 7.75'',6' 9'',218.6,6' 11.5'',8' 10'',7.5,8.5,9.25
2015,1626187,Michael,Frazier II,SG,6' 3.75'',6' 4.25'',199.4,6' 8'',8' 5.5'',7.4,8.25,9.25
2015,1626203,Treveon,Graham,SF,6' 4'',6' 5.75'',219.4,6' 10.5'',8' 7'',5.5,8.5,8.25
2015,1626170,Jerian,Grant,PG,6' 3.25'',6' 4.25'',198,6' 7.5'',8' 4'',5.6,8.25,8.5
2015,1626152,Olivier,Hanlan,PG-SG,6' 3.25'',6' 4.25'',185.8,6' 6'',8' 4'',4.3,8.0,8.75
2015,1626149,Montrezl,Harrell,PF,6' 7'',6' 7.5'',253.4,7' 4.25'',9' 1'',11.9,9.0,9.75
2015,1626150,Andrew,Harrison,PG,6' 4.5'',6' 5.5'',213.2,6' 9'',8' 4'',5.9,8.25,9.25
2015,1626151,Aaron,Harrison,SG,6' 4.5'',6' 6'',209.2,6' 8.25'',8' 4.5'',6.0,8.75,10.0
2015,1626227,Tyler,Harvey,SG,6' 2.75'',6' 4'',181.4,6' 5.5'',8' 2.5'',9.2,7.75,8.75
2015,1626186,Corey,Hawkins,SG-PG,6' 0.75'',6' 1.75'',191.8,6' 8'',8' 3.5'',5.5,8.75,9.0
2015,1626178,Rondae,Hollis-Jefferson,SF,6' 5.5'',6' 7'',210.8,7' 2'',8' 8'',5.0,8.75,9.75
2015,1626158,Richaun,Holmes,PF,6' 8.25'',6' 9.5'',242.8,7' 1.5'',9' 0'',8.8,8.5,8.5
2015,1626182,Jonathan,Holmes,PF-SF,6' 8.25'',6' 9.25'',242.2,6' 11.5'',8' 11.5'',7.2,8.25,9.5
2015,1626154,R.J.,Hunter,SG,6' 4.5'',6' 6'',185,6' 10.5'',8' 8'',6.0,8.5,8.25
2015,1626205,Vince,Hunter,PF,6' 6.75'',6' 7.5'',208.4,6' 11'',8' 8.5'',4.6,9.0,8.75
2015,1626169,Stanley,Johnson,SF,6' 5'',6' 6.5'',241.8,6' 11.5'',8' 6'',7.5,9.0,9.0
2015,1626177,Dakari,Johnson,C,6' 11'',6' 11.75'',264.6,7' 2'',9' 4'',14.9,9.25,10.5
2015,1626145,Tyus,Jones,PG,6' 0.5'',6' 2'',184.6,6' 5'',8' 1'',6.5,8.25,8.75
2015,1626163,Frank,Kaminsky,C-PF,6' 11.75'',7' 0.75'',231.2,6' 11'',9' 1.5'',9.4,8.5,9.5
2015,1626172,Kevon,Looney,PF,6' 8'',6' 9.25'',222.4,7' 3.5'',9' 2'',11.9,9.5,9.25
2015,1626168,Trey,Lyles,PF,6' 9'',6' 10.25'',241.2,7' 1.5'',9' 0'',12.1,9.25,10.25
2015,1626185,Jarell,Martin,PF,6' 8'',6' 9.25'',238.6,6' 9'',8' 10.5'',10.1,8.25,9.5
2015,204456,TJ,McConnell,PG,6' 0.5'',6' 2'',187.8,6' 2'',8' 0.5'',7.3,7.5,7.0
2015,1626191,Chris,McCullough,PF,6' 8.25'',6' 9'',199,7' 3.25'',9' 1'',6.2,8.75,8.75
2015,1626175,Jordan,Mickey,PF,6' 7'',6' 8.25'',238,7' 3.25'',8' 10'',7.2,8.75,9.5
2015,2006,Larry,Nance,PF,6' 7.5'',6' 8.5'',226.6,7' 1.5'',9' 0'',6.4,9.0,9.75
2015,1626162,Kelly,Oubre,SF-SG,6' 5.75'',6' 6.75'',202.8,7' 2.25'',8' 6.5'',5.7,9.0,8.75
2015,1626166,Cameron,Payne,PG,6' 0.75'',6' 1.5'',182.8,6' 7.25'',8' 1.5'',6.3,8.5,8.25
2015,1626189,Terran,Petteway,SG,6' 4.75'',6' 6'',209.2,6' 11.25'',8' 8.5'',4.9,8.25,8.25
2015,1626171,Bobby,Portis,PF,6' 9.5'',6' 10.5'',246.2,7' 2'',9' 0.5'',8.9,9.5,9.25
2015,1626181,Norman,Powell,SG,6' 3'',6' 4.25'',215.4,6' 10.75'',8' 6.5'',6.4,9.25,9.0
2015,1626180,Michael,Qualls,SG-SF,6' 4'',6' 5'',201.4,7' 0.25'',8' 8.5'',4.0,9.0,10.25
2015,1626184,Chasson,Randle,PG,6' 0.25'',6' 1.5'',178.8,6' 7'',8' 0.5'',4.5,8.5,9.5
2015,1626179,Terry,Rozier,PG-SG,6' 0.5'',6' 2.25'',190.2,6' 8.25'',8' 2.5'',5.6,8.25,8.5
2015,1626156,D’Angelo,Russell,PG-SG,6' 3.25'',6' 5'',193.4,6' 9.75'',8' 6'',8.3,8.75,9.75
2015,1626208,Keifer,Sykes,PG,5' 10.5'',5' 11.75'',167.2,6' 2'',7' 9'',5.0,8.5,9.5
2015,1626194,Marcus,Thornton,PG-SG,6' 1.75'',6' 2.75'',177.4,6' 7.75'',8' 1.5'',5.3,8.25,8.5
2015,1626160,J.P.,Tokoto,SF-SG,6' 5.25'',6' 6.25'',195.8,6' 10'',8' 4.5'',4.1,8.0,8.75
2015,1626167,Myles,Turner,C-PF,6' 9.75'',6' 11.5'',238.6,7' 4'',9' 4'',9.3,9.25,9.25
2015,1626193,Robert,Upshaw,C,6' 10.75'',7' 0'',258.2,7' 5.5'',9' 5'',12.5,10.0,11.0
2015,1626173,Rashad,Vaughn,SG,6' 3.75'',6' 5'',198.6,6' 7'',8' 5'',6.2,8.0,8.5
2015,1626217,Chris,Walker,PF,6' 8.75'',6' 9.25'',208,7' 2.75'',9' 0'',5.1,9.0,9.0
2015,1627361,Dez,Wells,SG,6' 3'',6' 4'',208.8,6' 9.5'',8' 4.5'',8.1,8.75,9.75
2015,1626210,Alan,Williams,PF,6' 7.25'',6' 8.25'',261.4,7' 1.75'',8' 10.5'',12.0,8.5,9.5
2015,1626159,Justise,Winslow,SF,6' 4.5'',6' 6.5'',221.8,6' 10.25'',8' 8.5'',5.3,8.5,9.25
2015,1626174,Christian,Wood,PF,6' 9.25'',6' 10.5'',216,7' 3.25'',9' 3.5'',14.7,9.25,10.75
2015,1626153,Delon,Wright,PG,6' 4.25'',6' 5.5'',181.4,6' 7.5'',8' 5.5'',6.6,8.0,8.5
2016,1627758,Ron,Baker,SG,6' 3.25'',6' 4.25'',212.4,6' 9.75'',8' 1.5'',7.85,8.75,9.5
2016,1627735,Wade,Baldwin IV,PG,6' 2.5'',6' 4'',201.8,6' 11.25'',8' 4'',5.2,9.0,9.75
2016,1627760,Cat,Barber,PG,6' 1.5'',6' 2.75'',173,6' 5.5'',7' 11.5'',4.5,8.0,8.5
2016,1627736,Malik,Beasley,SG,6' 3.5'',6' 4.5'',189.8,6' 7'',8' 4.5'',6.9,8.5,9.0
2016,1627761,DeAndre,Bembry,SG-SF,6' 4.25'',6' 5.75'',206.6,6' 9.25'',8' 5'',7.0,8.0,9.25
2016,1627791,Ben,Bentil,PF,6' 7.25'',6' 8.25'',229.2,7' 1.5'',8' 9'',9.7,9.5,10.0
2016,1628417,Jaron,Blossomgame,SF,6' 6.25'',6' 7.25'',213.6,6' 10'',8' 6'',5.25,8.5,10.0
2016,1627762,Joel,Bolomboy,PF,6' 7.5'',6' 9'',224.4,7' 1.75'',8' 7.5'',5.15,9.0,10.25
2016,1627763,Malcolm,Brogdon,SG,6' 3.75'',6' 5.5'',223,6' 10.5'',8' 2'',5.4,9.0,10.25
2016,1627759,Jaylen,Brown,SG-SF,6' 5.25'',6' 6.75'',222.8,6' 11.75'',8' 6.5'',5.05,8.75,9.0
2016,1627737,Marquese,Chriss,PF,6' 8.75'',6' 10'',233,7' 0.25'',8' 9'',8.5,9.0,9.0
2016,1627765,Elgin,Cook,SF,6' 5'',6' 6.25'',209.8,6' 10'',8' 4.5'',6.35,8.5,10.25
2016,1627766,Isaiah,Cousins,PG,6' 3.25'',6' 4.5'',194,6' 6.25'',8' 2.5'',4.8,8.25,8.75
2016,1627738,Deyonta,Davis,PF,6' 9.25'',6' 10.5'',237.2,7' 2.5'',9' 0.5'',9.7,9.0,9.25
2016,1627767,Cheick,Diallo,PF,6' 7.5'',6' 9'',218.6,7' 4.5'',8' 11.5'',5.6,8.5,9.75
2016,1627739,Kris,Dunn,PG,6' 3'',6' 4.25'',,6' 9.5'',8' 4'',,,
2016,1627740,Henry,Ellenson,PF,6' 10'',6' 11.5'',242,7' 2.25'',9' 0'',11.2,8.5,9.75
2016,1627768,Perry,Ellis,PF,6' 7'',6' 8.25'',217.8,6' 10.25'',8' 6'',4.6,8.0,8.5
2016,1627770,Kay,Felder,PG,5' 8.25'',5' 9.5'',177.2,6' 2.5'',7' 4.5'',5.8,8.25,8.5
2016,1627827,Dorian,Finney-Smith,SF,6' 6.5'',6' 7.75'',212.6,6' 11.75'',8' 9.5'',6.45,9.0,9.75
2016,1627771,Michael,Gbinije,SG,6' 5.5'',6' 6.75'',204.6,6' 7.5'',8' 5'',5.4,8.0,9.0
2016,1627772,Daniel,Hamilton,SG-SF,6' 6.25'',6' 8'',197,6' 9'',8' 7.5'',5.95,9.0,8.5
2016,1628404,Josh,Hart,SG,6' 4'',6' 5.5'',203.6,6' 8.5'',8' 3.5'',5.75,8.5,9.25
2016,1628502,Nigel,Hayes,SF-PF,6' 6.25'',6' 7.25'',245,7' 3'',8' 11.5'',10.9,8.5,9.5
2016,1627741,Buddy,Hield,SG,6' 3.75'',6' 5'',212.4,6' 9.25'',8' 5'',6.1,8.5,9.0
2016,204211,Justin,Jackson,SF,6' 7'',6' 8.25'',193.4,6' 10.75'',8' 7.5'',7.6,8.75,8.75
2016,1627743,Demetrius,Jackson,PG,6' 0'',6' 1.25'',193.8,6' 5.5'',7' 9'',6.5,8.25,9.0
2016,1627744,Brice,Johnson,PF,6' 9'',6' 10.5'',208.6,7' 0.5'',8' 10.5'',7.5,9.0,8.25
2016,1627745,Damian,Jones,C,6' 10.25'',6' 11.5'',243.6,7' 3.75'',8' 11'',6.55,8.75,10.5
2016,1627746,Skal,Labissiere,PF-C,6' 10.5'',6' 11.75'',215.8,7' 2.5'',8' 9.5'',5.7,8.75,9.0
2016,1627774,Jake,Layman,SF,6' 8'',6' 9.25'',208.6,6' 9.25'',8' 6'',7.1,8.25,9.25
2016,1627747,Caris,LeVert,SG,6' 5.75'',6' 7'',191,6' 10'',8' 5'',7.55,8.5,9.25
2016,1629159,Marcus,Lee,PF-C,6' 9'',6' 10.25'',211,7' 3'',8' 11.5'',5.35,9.0,9.0
2016,1627748,Thon,Maker,PF,6' 11.75'',7' 0.75'',216,7' 3'',9' 2.5'',6.05,8.75,9.5
2016,1627775,Patrick,McCaw,PG-SG,6' 5.25'',6' 6.75'',180.8,6' 10'',8' 4.5'',4.7,8.75,8.75
2016,1629005,Malik,Newman,SG,6' 2.25'',6' 3.5'',182.2,6' 5.75'',8' 1.5'',5.6,8.25,9.25
2016,1627777,Georges,Niang,PF,6' 6.75'',6' 8.5'',230.8,6' 10'',8' 7'',10.05,9.25,9.25
2016,1627778,Chinanu,Onuaku,C,6' 9'',6' 10'',245.2,7' 2.75'',9' 0.5'',8.55,9.0,8.0
2016,1627779,Marcus,Paige,PG,6' 0.5'',6' 1.75'',163.8,6' 6.25'',8' 1'',4.3,7.75,8.75
2016,1627780,Gary,Payton II,PG,6' 2'',6' 3'',183.8,6' 8'',8' 3.5'',3.95,8.75,9.5
2016,1627751,Jakob,Poeltl,C,7' 0.25'',7' 1'',239,7' 2.75'',9' 3.5'',5.8,9.25,10.25
2016,1627752,Taurean,Prince,SF,6' 6.5'',6' 7.75'',220.2,6' 11.5'',8' 6'',6.45,9.0,8.5
2016,1627753,Zhou,Qi,PF-C,7' 1.25'',7' 2.25'',218.2,7' 7.75'',9' 4.5'',4.85,9.25,9.5
2016,1627781,Malachi,Richardson,SG-SF,6' 4.75'',6' 6.25'',199.6,7' 0'',8' 5.5'',7.0,8.75,10.0
2016,1627782,Wayne,Selden,SG,6' 4.25'',6' 5.75'',232.4,6' 10.5'',8' 5'',7.3,9.0,9.25
2016,1627783,Pascal,Siakam,PF,6' 8.25'',6' 9.5'',226.6,7' 3.25'',8' 11.5'',5.2,9.25,10.0
2016,1627754,Diamond,Stone,C,6' 9'',6' 10.25'',254.4,7' 2.75'',9' 0.5'',12.85,8.5,7.75
2016,1628403,Caleb,Swanigan,PF,6' 7.5'',6' 8.5'',246.6,7' 3.5'',8' 11'',12.55,9.0,10.25
2016,1628453,Melo,Trimble,PG,6' 1.25'',6' 2.5'',191.8,6' 2'',7' 8.5'',8.35,8.0,8.75
2016,1627755,Tyler,Ulis,PG,5' 8.75'',5' 10'',149.2,6' 2'',7' 4.5'',5.2,7.5,7.5
2016,1627784,Jarrod,Uthoff,PF,6' 8.5'',6' 9.75'',214.4,6' 11.5'',8' 8'',6.0,8.75,9.0
2016,1627756,Denzel,Valentine,SG-SF,6' 4'',6' 5.75'',210.4,6' 10.75'',8' 6'',9.2,8.5,9.75
2016,1627785,Isaiah,Whitehead,PG-SG,6' 3.25'',6' 4.5'',210,6' 8.75'',8' 4'',9.25,8.5,8.75
2016,1627786,Troy,Williams,SF,6' 5.75'',6' 6.75'',217.8,6' 8.25'',8' 6'',10.0,8.25,9.25
2016,1627787,Kyle,Wiltjer,PF,6' 8.75'',6' 10'',242.8,7' 0.25'',8' 6.5'',15.25,8.25,9.5
2016,1627757,Stephen,Zimmerman,C,6' 10.25'',6' 11.75'',234,7' 3.25'',9' 0.5'',11.15,9.0,9.0
2017,1628389,Edrice,Adebayo,PF-C,6' 8.75'',6' 9.75'',242.6,7' 2.75'',9' 0'',5.2,9.5,8.75
2017,1628959,Rawle,Alkins,SG-SF,6' 2.5'',6' 3.75'',222.6,6' 8.75'',8' 3'',11.0,8.75,10.0
2017,1628386,Jarrett,Allen,C,6' 9'',6' 10.25'',233.6,7' 5.25'',9' 1.5'',7.4,9.5,10.5
2017,1628443,Kadeem,Allen,PG,6' 1'',6' 2.25'',192.4,6' 9.25'',8' 3.5'',6.4,8.5,8.75
2017,1628387,Ike,Anigbogu,C,6' 8.5'',6' 9.75'',252.2,7' 6.25'',9' 2.5'',5.4,9.5,10.0
2017,1628384,OG,Anunoby,SF,6' 6.25'',6' 7.75'',232.4,7' 2.25'',8' 11.5'',6.8,9.25,9.5
2017,1628503,Jamel,Artis,SG-SF,6' 5.5'',6' 6.75'',213.2,6' 10'',8' 9'',11.9,9.25,9.75
2017,1628407,Dwayne,Bacon,SG-SF,6' 4.75'',6' 6.25'',221.6,6' 10'',8' 7.5'',7.9,8.75,10.0
2017,1628431,V.J.,Beachem,SG-SF,6' 6.25'',6' 8'',193.4,6' 10.25'',8' 8.5'',6.8,8.5,9.0
2017,1628395,Jordan,Bell,PF,6' 7'',6' 8.5'',223.6,6' 11.75'',8' 8.5'',5.4,9.25,9.5
2017,1628417,Jaron,Blossomgame,SF,6' 5.75'',6' 6.75'',218.6,6' 10'',8' 8.5'',5.7,8.75,10.25
2017,1628449,Chris,Boucher,PF,6' 8'',6' 9.5'',182.2,7' 4'',9' 2.5'',5.4,9.25,10.5
2017,1628396,Tony,Bradley,C,6' 9.25'',6' 10.75'',248.8,7' 5'',9' 4.5'',12.0,9.5,9.5
2017,1628515,Isaiah,Briscoe,PG,6' 1.25'',6' 2.75'',222.4,6' 9'',8' 3.5'',11.0,9.0,9.25
2017,1628415,Dillon,Brooks,SG-SF,6' 5'',6' 6'',220.2,6' 6'',8' 4.5'',7.5,8.25,9.25
2017,1628418,Thomas,Bryant,PF-C,6' 9.5'',6' 10.75'',247.8,7' 6'',9' 4.5'',9.4,9.5,10.25
2017,1628380,Zach,Collins,PF-C,6' 10.25'',7' 0'',232.2,7' 1'',9' 3'',8.9,8.75,9.25
2017,1628381,John,Collins,PF,6' 8.25'',6' 9.5'',225.2,6' 11.25'',8' 10.5'',5.4,9.0,10.0
2017,1628977,Hamidou,Diallo,SG-SF,6' 3.75'',6' 5'',197.4,6' 11.25'',8' 5.5'',5.2,8.5,9.5
2017,1628416,Tyler,Dorsey,SG,6' 3'',6' 4.5'',182.6,6' 5.25'',8' 3.5'',4.7,8.5,9.25
2017,1628422,Damyean,Dotson,SG-SF,6' 4.5'',6' 5.5'',205.2,6' 9'',8' 4'',5.3,8.5,9.25
2017,1628408,PJ,Dozier,SG,6' 5.25'',6' 6.75'',200.6,6' 11'',8' 5'',6.1,8.5,9.5
2017,1628393,Jawun,Evans,PG,5' 10.75'',5' 11.5'',185.2,6' 5.5'',7' 11'',9.1,8.0,7.75
2017,1628390,Terrance,Ferguson,SG-SF,6' 5.5'',6' 7'',184.4,6' 8.75'',8' 7'',5.8,8.5,10.0
2017,1628368,De’Aaron,Fox,PG,6' 2'',6' 3.25'',169.6,6' 6.5'',8' 4'',4.5,8.5,8.5
2017,1628365,Markelle,Fultz,PG,,,,,,,,
2017,1628385,Harry,Giles,PF,6' 9.25'',6' 10.5'',232,7' 3.25'',9' 1.5'',5.2,9.5,10.75
2017,1628404,Josh,Hart,SG-SF,6' 3.75'',6' 5'',209.2,6' 8.25'',8' 5'',5.8,8.5,9.5
2017,1628502,Nigel,Hayes,PF,6' 6.25'',6' 7.5'',254.2,7' 3.25'',8' 8.5'',11.5,8.75,10.0
2017,1628439,Isaiah,Hicks,PF,6' 7.25'',6' 8.5'',233.4,7' 0.5'',8' 9'',7.7,8.75,9.75
2017,1628411,Wesley,Iwundu,SG-SF,6' 5.5'',6' 6.75'',193.4,7' 1'',8' 9.5'',4.0,8.75,9.5
2017,1628402,Frank,Jackson,PG,6' 2'',6' 3.5'',201.6,6' 7.5'',8' 2'',6.7,8.25,9.0
2017,1628992,Justin,Jackson (UMD),SF,6' 5.75'',6' 7'',219.4,7' 3.25'',8' 11'',7.1,9.0,9.5
2017,1628382,Justin,Jackson (UNC),SF,6' 7'',6' 8.25'',200.8,6' 11'',8' 8.5'',8.1,8.75,9.25
2017,1628514,Peter,Jok,SG-SF,6' 4.25'',6' 5.75'',202.4,6' 8'',8' 6'',11.0,8.25,9.5
2017,1628379,Luke,Kennard,SG-SF,6' 4.5'',6' 5.5'',196.2,6' 5.25'',8' 2.5'',6.6,8.0,8.75
2017,1628398,Kyle,Kuzma,SF-SG,6' 8'',6' 9.5'',222.6,7' 0.25'',8' 11.5'',9.4,8.5,9.5
2017,1628388,TJ,Leaf,PF,6' 8.75'',6' 9.75'',222.2,6' 11'',8' 11'',6.8,8.5,9.5
2017,1628399,Tyler,Lydon,PF,6' 8.25'',6' 9.5'',215,7' 0'',8' 11.5'',13.6,8.75,8.75
2017,1628412,Frank,Mason III,PG,5' 11'',6' 0'',188.8,6' 3.25'',7' 10'',4.3,8.0,9.25
2017,1628452,Kennedy,Meeks,C,6' 8.75'',6' 10.25'',276.6,7' 1'',8' 10'',11.5,8.75,8.75
2017,1628378,Donovan,Mitchell,SG,6' 1.25'',6' 3'',211.4,6' 10'',8' 1'',5.9,8.5,9.5
2017,1628420,Monte,Morris,PG,6' 1.25'',6' 2.5'',175.2,6' 4'',8' 0.5'',6.9,8.25,8.75
2017,1628405,Johnathan,Motley,PF,6' 7.75'',6' 8.75'',238.2,7' 4'',9' 0'',,9.0,9.5
2017,1629004,Svi,Mykhailiuk,SG-SF,6' 6.5'',6' 7.5'',219.6,6' 5'',8' 4'',11.4,8.0,9.25
2017,1628400,Semi,Ojeleye,SF-SG,6' 5.25'',6' 6.75'',241.4,6' 9.75'',8' 6'',5.5,8.75,9.5
2017,1628419,Cameron,Oliver,PF,6' 7'',6' 8.25'',238.6,7' 1.25'',8' 10.5'',7.7,9.5,10.25
2017,1628383,Justin,Patton,C,6' 10'',6' 11.25'',229,7' 3'',9' 3.5'',7.8,8.75,9.75
2017,1628409,Alec,Peters,PF,6' 7.25'',6' 8.75'',232,6' 10.75'',8' 9'',8.8,8.75,10.0
2017,1628397,Ivan,Rabb,PF,6' 8.75'',6' 10'',219.6,7' 1.5'',9' 1'',6.8,8.75,9.0
2017,1628432,Davon,Reed,SG-SF,6' 4.5'',6' 5.5'',206.2,7' 0'',8' 6'',6.5,9.25,9.5
2017,1628421,Devin,Robinson,SF,6' 7'',6' 8.25'',189.6,7' 0.75'',8' 10'',3.2,9.25,10.25
2017,1628424,Kobi,Simmons,PG,6' 3.25'',6' 4.5'',166.2,6' 6'',8' 3'',5.0,8.5,9.5
2017,1628410,Edmond,Sumner,PG,6' 4'',6' 5.75'',176.4,6' 9'',8' 6.5'',8.3,8.25,9.0
2017,1628403,Caleb,Swanigan,PF,6' 7.5'',6' 8.5'',245.6,7' 3'',9' 0'',,9.5,10.25
2017,1628414,Sindarius,Thornwell,SG-SF,6' 3.5'',6' 4.75'',211.6,6' 10'',8' 7'',7.8,8.75,8.75
2017,1628453,Melo,Trimble,PG,6' 1.25'',6' 2.5'',195.2,6' 2'',7' 11.5'',10.6,8.0,8.75
2017,1629021,Moritz,Wagner,PF,6' 10'',6' 11.25'',231.2,7' 0'',9' 0'',6.7,8.75,10.75
2017,1628476,Derrick,Walton Jr.,PG,5' 11'',6' 0.75'',188.6,6' 2.5'',7' 11'',5.8,8.0,8.5
2017,1629118,Thomas,Welsh,PF-C,6' 11.5'',7' 0.5'',254,7' 0'',9' 1.5'',10.9,9.0,10.5
2017,1628401,Derrick,White,PG,6' 3.25'',6' 4.5'',189.8,6' 7.5'',8' 5.5'',6.2,8.25,8.5
2017,1628430,Nigel,Williams-Goss,PG,6' 1.5'',6' 3'',190.2,6' 7.25'',8' 3'',5.6,8.75,9.25
2017,1628391,D.J.,Wilson,PF,6' 8.75'',6' 10.5'',234.4,7' 3'',9' 1.5'',6.4,9.25,10.25
2017,1962937123,Omer,Yurtseven,C,6' 10.5'',6' 11.75'',248.4,7' 1'',9' 0.5'',7.6,9.0,10.5
2018,1628959,Rawle,Alkins,SG,6' 2.75'',6' 4.25'',217.4,6' 8.75'',8' 3'',8.9,8.5,10.0
2018,1628960,Grayson,Allen,SG,6' 3'',6' 4.5'',198,6' 7.25'',8' 1'',5.55,8.25,10.0
2018,1628961,Kostas,Antetokounmpo,PF,6' 9'',6' 10.5'',194.8,7' 2.25'',9' 2'',5.0,9.25,9.5
2018,1628962,Udoka,Azubuike,C,6' 10'',7' 0.25'',273.8,7' 7'',9' 4.5'',7.95,9.5,10.0
2018,1628964,Mohamed,Bamba,C,6' 11.25'',7' 0.75'',225.6,7' 10'',9' 7.5'',6.2,9.75,10.25
2018,1628965,Jaylen,Barford,PG-SG,6' 1.25'',6' 2.25'',207.6,6' 3.5'',8' 0.5'',11.65,8.0,8.25
2018,1628966,Keita,Bates-Diop,SG-SF,6' 7.25'',6' 8.5'',223.8,7' 3.25'',8' 10.5'',5.35,9.0,8.5
2018,1628967,Tyus,Battle,SG,6' 5'',6' 6.75'',200.2,6' 9'',8' 6'',4.0,8.5,9.25
2018,1628968,Brian,Bowen,SG-SF,6' 6.25'',6' 7.5'',202,6' 10.25'',8' 7.5'',7.6,9.0,10.0
2018,1628970,Miles,Bridges,SF,6' 5.25'',6' 6.75'',220.4,6' 9.5'',8' 7.5'',5.9,9.0,9.75
2018,1628971,Bruce,Brown,SG-PG,6' 3.5'',6' 5'',194.6,6' 9'',8' 2.5'',3.75,8.5,8.5
2018,1628972,Troy,Brown,SF,6' 5.75'',6' 6.75'',208,6' 10.25'',8' 9'',7.05,9.0,9.75
2018,1628973,Jalen,Brunson,PG,6' 1'',6' 2.25'',198.4,6' 4'',8' 0'',6.7,8.25,9.25
2018,1628974,Tony,Carr,PG,6' 3'',6' 4.5'',198.8,6' 8.25'',8' 4'',6.5,8.5,9.75
2018,1628975,Jevon,Carter,PG,6' 0.25'',6' 1.5'',196.2,6' 4.25'',7' 11'',4.15,9.25,8.5
2018,1628976,Wendell,Carter,C-PF,6' 8.75'',6' 10'',251.4,7' 4.5'',9' 1'',7.85,8.5,9.0
2018,1628978,Donte,DiVincenzo,SG,6' 3.5'',6' 4.5'',200.6,6' 6'',8' 1.5'',5.0,8.25,9.0
2018,1628977,Hamidou,Diallo,SG,6' 4.25'',6' 6'',197,6' 11.5'',8' 7'',4.45,8.75,9.0
2018,1628979,Trevon,Duval,PG,6' 1.5'',6' 2.5'',191,6' 8.25'',8' 1.5'',5.2,8.75,10.0
2018,1629035,Carsen,Edwards,PG,5' 10.75'',6' 0'',195.6,6' 6.25'',7' 10.5'',6.3,8.5,9.25
2018,1628980,Jacob,Evans,SG-SF,6' 4.25'',6' 5.5'',199.6,6' 9.25'',8' 6.5'',6.5,9.0,9.25
2018,1629037,Keenan,Evans,PG,6' 1.5'',6' 3'',183.2,6' 5.25'',8' 2'',6.5,8.5,8.0
2018,1628981,Bruno,Fernando,C,6' 8.75'',6' 9.75'',233.2,7' 4.25'',9' 1'',5.25,9.5,10.0
2018,1628982,Melvin,Frazier,SF-SG,6' 4.5'',6' 6'',198.2,7' 1.75'',8' 9'',7.9,9.5,9.5
2018,1628983,Shai,Gilgeous-Alexander,PG,6' 4.5'',6' 6'',180,6' 11.5'',8' 8'',3.0,9.0,9.0
2018,1628984,Devonte,Graham,PG,6' 0.25'',6' 1.5'',186.4,6' 6.25'',8' 0'',4.8,8.5,9.5
2018,1629036,Isaac,Haas,C,7' 1.25'',7' 2.75'',303,7' 5'',9' 3.5'',12.55,10.0,10.5
2018,1628985,Devon,Hall,SG,6' 4.25'',6' 6'',206.4,6' 7.75'',8' 6'',8.45,8.5,10.0
2018,1628986,Jaylen,Hands,PG,6' 1.5'',6' 2.75'',179,6' 5.5'',8' 2'',5.0,8.0,8.0
2018,1628987,Kevin,Hervey,PF,6' 6.5'',6' 7.75'',211.6,7' 3.5'',8' 11'',5.15,9.25,10.25
2018,1628988,Aaron,Holiday,PG,5' 11.75'',6' 0.75'',187,6' 7.5'',8' 1'',6.4,8.75,8.5
2018,1628989,Kevin,Huerter,SG,6' 6.25'',6' 7.25'',194,6' 7.5'',8' 5.5'',8.6,8.25,8.5
2018,1628991,Jaren,Jackson,PF-C,6' 9.75'',6' 11.25'',236,7' 5.25'',9' 2'',7.2,10.0,10.0
2018,1628992,Justin,Jackson,PF,6' 6'',6' 6.75'',229.4,7' 3'',8' 9'',8.9,9.0,9.5
2018,1628993,Alize,Johnson,PF,6' 7.25'',6' 8'',216.6,6' 8.75'',8' 7'',8.1,8.5,9.75
2018,1628994,George,King,SF-SG,6' 4.75'',6' 6'',218.6,6' 11.5'',8' 5.5'',7.25,9.0,10.25
2018,1628995,Kevin,Knox,SF,6' 7.75'',6' 9'',212.6,6' 11.75'',9' 0'',4.95,8.75,9.25
2018,1628996,Sagaba,Konate,C,6' 6.5'',6' 7.5'',246,7' 0'',8' 10.5'',7.35,9.25,10.0
2018,1628997,Caleb,Martin,SF-SG,6' 4.75'',6' 6'',195.8,6' 10'',8' 5.5'',7.0,8.5,8.75
2018,1628998,Cody,Martin,SG-SF,6' 4.75'',6' 6'',188.6,6' 10.25'',8' 6.5'',5.45,8.5,9.0
2018,1628999,Yante,Maten,PF-C,6' 7.25'',6' 8.5'',246.2,7' 0.5'',8' 11.5'',8.1,9.25,10.0
2018,1629000,Brandon,McCoy,C,6' 11.5'',7' 0.5'',250.4,7' 2'',9' 2.5'',8.7,9.75,9.5
2018,1629001,DeAnthony,Melton,SG-PG,6' 2.25'',6' 3.25'',193.2,6' 8.5'',8' 3.5'',5.2,8.5,9.5
2018,1629002,Chimezie,Metu,PF-C,6' 8.5'',6' 9.5'',219.6,7' 0.5'',9' 0'',5.05,9.0,9.25
2018,1629003,Shake,Milton,SG-PG,6' 4.5'',6' 5.5'',207.2,7' 0.75'',8' 3.5'',6.8,8.75,9.5
2018,1629004,Sviatoslav,Mykhailiuk,SG-SF,6' 6.5'',6' 7.75'',211.6,6' 4.75'',8' 4'',8.45,8.25,9.5
2018,1629005,Malik,Newman,SG,6' 2.5'',6' 3.25'',189.2,6' 5.5'',8' 2.5'',6.25,8.5,9.5
2018,1629006,Josh,Okogie,SG,6' 3'',6' 4.5'',210.8,7' 0'',8' 6'',5.2,9.0,9.75
2018,1629033,Theo,Pinson,SG-SF,6' 5'',6' 6.75'',211.2,6' 10.75'',8' 7.5'',7.35,9.0,9.0
2018,1629007,Jontay,Porter,C-PF,6' 10'',6' 11.5'',236,7' 0.25'',9' 1'',13.85,8.75,9.5
2018,1629008,Michael,Porter,SF-PF,6' 9.5'',6' 10.75'',211,7' 0.25'',9' 0.5'',6.4,8.75,9.25
2018,1629009,Billy,Preston,PF,6' 8.75'',6' 10.5'',222.4,7' 2'',9' 0'',5.45,9.25,9.5
2018,1629010,Jerome,Robinson,SG,6' 4'',6' 5'',188.4,6' 7.25'',8' 2'',6.05,9.0,10.0
2018,1629012,Collin,Sexton,PG,6' 0.5'',6' 1.5'',183,6' 7.25'',8' 2.5'',5.6,8.25,8.5
2018,1629013,Landry,Shamet,PG,6' 4'',6' 5.25'',188.6,6' 6.75'',8' 4'',4.85,8.0,9.0
2018,1629014,Anfernee,Simons,SG-PG,6' 2.25'',6' 3.25'',183.2,6' 9.25'',8' 3.5'',7.7,8.75,9.0
2018,1629015,Zhaire,Smith,SF-SG,6' 2.75'',6' 4'',198.6,6' 9.75'',8' 4'',6.05,8.75,8.25
2018,1629034,Ray,Spalding,PF,6' 9'',6' 10.25'',215.4,7' 4.75'',9' 1'',5.55,9.25,9.0
2018,1629016,Omari,Spellman,PF-C,6' 8'',6' 9.25'',253.8,7' 2'',8' 11.5'',13.75,9.0,9.0
2018,1629017,Khyri,Thomas,SG,6' 2.5'',6' 3.75'',198.8,6' 10.5'',8' 5'',6.4,8.75,9.25
2018,1629018,Gary,Trent,SG,6' 4.25'',6' 5.75'',204.2,6' 8.75'',8' 2'',7.0,8.5,9.5
2018,1629019,Allonzo,Trier,SG,6' 3.75'',6' 5.25'',198,6' 6.75'',8' 2'',4.95,8.25,10.5
2018,1629021,Moritz,Wagner,C-PF,6' 10.5'',6' 11.5'',241.4,7' 0'',9' 0'',6.75,9.0,10.75
2018,1629022,Lonnie,Walker,SG,6' 3.75'',6' 4.5'',196.2,6' 10.25'',8' 3.5'',5.65,9.0,9.5
2018,1629023,PJ,Washington,PF,6' 6.5'',6' 8'',223,7' 2.5'',8' 11'',6.85,9.0,10.25
2018,1629024,Austin,Wiley,C,6' 8.25'',6' 10'',249.4,7' 5'',9' 3'',5.0,9.75,10.25
2018,1629025,Kris,Wilkes,SF,6' 6.5'',6' 7.5'',205,6' 10.25'',8' 7.5'',5.15,8.75,9.25
2018,1629026,Kenrich,Williams,SF,6' 6'',6' 7.5'',200.4,6' 7.25'',8' 7.5'',5.95,8.5,9.75
2018,1629027,Trae,Young,PG,6' 0.5'',6' 1.75'',177.8,6' 3'',7' 11.5'',5.35,8.0,9.25
2019,1629638,Nickeil,Alexander-Walker,SG,6' 4.25'',6' 5.5'',203.8,6' 9.5'',8' 6'',5.9,8.5,8.75
2019,1629628,RJ,Barrett,SF,,,,,,,,
2019,1629646,Charles,Bassey,C,6' 8.75'',6' 10'',239,7' 3.5'',9' 1.5'',8.5,9.25,9.5
2019,1629647,Darius,Bazley,PF,6' 7.75'',6' 9'',208.4,7' 0'',8' 11'',3.6,9.0,9.75
2019,1629626,Bol,Bol,C,7' 0.75'',7' 2.5'',208,7' 7'',9' 7.5'',7.1,9.25,9.5
2019,1629648,Jordan,Bone,SG,6' 1.5'',6' 2.75'',179,6' 3.25'',7' 11'',5.0,7.5,9.25
2019,1628968,Brian,Bowen II,SF,6' 6.25'',6' 7.5'',200,6' 10'',8' 7'',6.5,8.5,9.75
2019,1629065,Ky,Bowman,PG,6' 1'',6' 2.25'',181.2,6' 7'',8' 2'',4.9,8.25,9.0
2019,1629649,Ignas,Brazdeikis,SF,6' 5.75'',6' 7.25'',220.8,6' 9.25'',8' 6'',6.0,8.75,9.5
2019,1629052,O'Shae,Brissett,SF-PF,6' 7'',6' 8'',203.2,7' 0'',8' 8'',2.9,9.0,9.5
2019,1629650,Moses,Brown,C,7' 1.25'',7' 2.5'',237.2,7' 4.75'',9' 5'',7.8,9.5,10.25
2019,1629634,Brandon,Clarke,SF,6' 7.25'',6' 8.25'',207.2,6' 8.25'',8' 6'',4.9,8.25,9.5
2019,1629651,Nicolas,Claxton,C,6' 10'',6' 11.75'',216.6,7' 2.5'',9' 2'',4.5,9.25,9.5
2019,1629076,Tyler,Cook,PF,6' 7.25'',6' 8.75'',245.4,7' 0.5'',8' 10.5'',6.1,9.5,10.75
2019,1629633,Jarrett,Culver,SG,6' 5.25'',6' 6.75'',194.2,6' 9.5'',8' 4.5'',5.0,8.25,8.5
2019,1629056,Terence,Davis,SG,6' 3'',6' 4.5'',192.4,6' 8.75'',8' 5'',4.1,9.25,10.75
2019,1629652,Luguentz,Dort,PG,6' 2.75'',6' 4.25'',222.2,6' 8.5'',8' 3.5'',5.0,8.5,9.0
2019,1629653,Devon,Dotson,PG,6' 0'',6' 2'',178.6,6' 3.25'',7' 11.5'',5.9,8.25,9.5
2019,1629654,Carsen,Edwards,PG,5' 10.75'',6' 0.25'',199.4,6' 6'',7' 10.5'',5.5,8.75,9.0
2019,1629605,Tacko,Fall,C,7' 5.25'',7' 7'',288.8,8' 2.25'',10' 2.5'',6.8,10.5,10.5
2019,1628981,Bruno,Fernando,C,6' 8.75'',6' 10.25'',237,7' 3.25'',9' 2'',5.4,9.25,10.0
2019,1629655,Daniel,Gafford,PF,6' 9.25'',6' 10.5'',237.6,7' 2.25'',9' 2'',5.9,9.25,9.25
2019,1629636,Darius,Garland,PG,,,,,,,,
2019,1629656,Quentin,Grimes,SG,6' 4'',6' 5.25'',209.6,6' 7.75'',8' 4.5'',8.4,8.25,10.0
2019,1629657,Kyle,Guy,SG,6' 0.75'',6' 2.25'',167.8,6' 4.5'',7' 11.5'',5.7,8.0,8.75
2019,1628986,Jaylen,Hands,PG,6' 1.5'',6' 3'',180.4,6' 5.5'',8' 1'',5.1,8.0,8.25
2019,1629607,Jared,Harper,PG,5' 9.75'',5' 11'',169.2,6' 5.5'',7' 10'',3.9,8.25,9.5
2019,1629637,Jaxson,Hayes,PF,6' 10.25'',6' 11.5'',218.6,7' 3.5'',9' 2.5'',5.0,9.25,10.5
2019,1629608,Dewan,Hernandez,C,6' 9'',6' 10.25'',232.8,7' 1.75'',8' 11'',6.1,9.5,10.25
2019,1629639,Tyler,Herro,SG,6' 4.5'',6' 6'',192.4,6' 3.25'',8' 4.5'',7.1,8.0,8.75
2019,1629658,Jalen,Hoard,PF,6' 7.25'',6' 9'',212.6,7' 0.75'',8' 9.5'',6.7,8.75,9.75
2019,1629659,Talen,Horton-Tucker,SG,6' 2.5'',6' 4'',235.4,7' 1.25'',8' 7'',8.4,9.5,9.75
2019,1629631,De'Andre,Hunter,,,,,,,,,
2019,1629610,DaQuan,Jeffries,SF-PF,6' 4'',6' 5'',215.6,6' 11.25'',8' 8'',3.9,9.5,10.25
2019,1629660,Ty,Jerome,PG,6' 4.25'',6' 5.5'',194.4,6' 4'',8' 2'',6.5,8.25,9.5
2019,1629640,Keldon,Johnson,SG,6' 4.75'',6' 6'',216.4,6' 9.25'',8' 8'',5.6,8.0,9.25
2019,1629661,Cameron,Johnson,SG,6' 7'',6' 8.5'',205.2,6' 10'',8' 7'',5.8,8.0,8.5
2019,1629662,Mfiondu,Kabengele,PF,6' 8.75'',6' 10.25'',256.2,7' 3'',9' 1.5'',5.1,9.25,10.75
2019,1629663,Louis,King,SF,6' 6.75'',6' 8'',195.2,7' 0.25'',8' 8.5'',4.8,8.0,8.5
2019,1629641,Romeo,Langford,SG,6' 4.5'',6' 6'',,6' 11'',8' 7'',,9.0,9.0
2019,1629664,Dedric,Lawson,PF,6' 7'',6' 8.5'',233,7' 2.25'',8' 11.5'',8.9,9.75,9.75
2019,1629665,Jalen,Lecque,PG,6' 2.5'',6' 4.25'',185.2,6' 8.5'',8' 2.5'',4.0,8.75,8.5
2019,1629642,Nassir,Little,SF,6' 4.5'',6' 6'',224.2,7' 1.25'',8' 8.5'',5.9,8.75,10.0
2019,1629611,Terance,Mann,SG-SF,6' 4.75'',6' 6.5'',204.6,6' 7.75'',8' 5'',4.0,9.5,9.25
2019,1628998,Cody,Martin,PG-SG,6' 4.75'',6' 5.5'',192.2,6' 10.25'',8' 6.5'',5.0,8.25,9.0
2019,1629666,Charles,Matthews,SG,6' 5'',6' 6.25'',194.8,6' 9.5'',8' 7'',3.8,8.5,8.75
2019,1629667,Jalen,McDaniels,SF,6' 8.25'',6' 9.75'',191.6,7' 0.25'',8' 9.5'',5.7,9.0,10.0
2019,1629630,Ja,Morant,PG,,,,,,,,
2019,1629668,Zach,Norvell Jr.,SG,6' 4.5'',6' 5.5'',206.4,6' 6'',8' 5'',7.5,8.5,9.5
2019,1629669,Jaylen,Nowell,SG,6' 3.25'',6' 4.25'',202.4,6' 7.25'',8' 2'',6.1,8.25,8.5
2019,1629670,Jordan,Nwora,PF,6' 5.75'',6' 7.5'',220,6' 10.5'',8' 7'',7.8,8.5,9.25
2019,1629643,Chuma,Okeke,,,,,,,,,
2019,1629644,KZ,Okpala,SF,6' 7.25'',6' 9.5'',209.6,7' 1.75'',8' 10.5'',4.6,9.25,9.25
2019,1629671,Miye,Oni,SG,6' 4.25'',6' 5.75'',205.6,6' 10.75'',8' 4.5'',4.9,9.0,10.0
2019,1629672,Eric,Paschall,SF,6' 6'',6' 7.25'',254.4,6' 11.75'',8' 7.5'',6.3,9.0,9.5
2019,1629617,Reggie,Perry,SF-PF,6' 8'',6' 9.25'',250.8,7' 0.5'',8' 10'',6.7,9.0,10.0
2019,1629044,Shamorie,Ponds,PG,5' 11.5'',6' 0.5'',180,6' 3.5'',8' 0.5'',9.8,7.75,8.0
2019,1629673,Jordan,Poole,SG,6' 3.5'',6' 5.5'',190.8,6' 6.75'',8' 3.5'',7.5,8.25,8.5
2019,1629007,Jontay,Porter,PF,6' 9.75'',6' 11'',210.4,7' 0'',9' 1.5'',8.5,8.75,9.5
2019,1629645,Kevin,Porter Jr.,SG,6' 4'',6' 5.5'',212.6,6' 9'',8' 7'',5.1,8.75,8.75
2019,1629674,Neemias,Queta,C,6' 10.75'',7' 0.25'',225.8,7' 4.25'',9' 3.5'',6.3,9.5,11.0
2019,1629629,Cameron,Reddish,SF,6' 6.5'',6' 8'',207.8,7' 0.5'',8' 9.5'',4.7,9.0,9.0
2019,1629675,Naz,Reid,PF,6' 8.75'',6' 9.5'',255.8,7' 3.25'',9' 1'',14.0,9.5,9.25
2019,1629676,Isaiah,Roby,PF,6' 7.25'',6' 8.5'',214,7' 1'',8' 10'',3.9,9.0,10.5
2019,1629677,Luka,Samanic,PF,6' 9.5'',6' 11'',227.2,6' 10.5'',8' 11'',5.6,8.5,9.0
2019,1629678,Admiral,Schofield,SF,6' 4'',6' 5.25'',240.6,6' 9.75'',8' 6.5'',6.8,8.75,9.0
2019,1629621,Marial,Shayok,SF-PF,6' 4.5'',6' 5.5'',196.8,7' 0.25'',8' 7.5'',4.7,8.75,9.25
2019,1629679,Simisola,Shittu,PF,6' 8.5'',6' 9.5'',227.2,7' 1.25'',8' 10'',6.2,8.75,8.5
2019,1629681,Killian,Tillie,,,,,,,,,
2019,1629023,P.J.,Washington,PF,6' 6.5'',6' 8'',230.4,7' 2.25'',8' 10.5'',8.6,9.0,10.25
2019,1629682,Tremont,Waters,PG,5' 9.5'',5' 10.75'',172.4,6' 2.25'',7' 9.5'',6.6,8.0,9.75
2019,1629683,Quinndary,Weatherspoon,SG,6' 3'',6' 4.25'',206.6,6' 9'',8' 4'',6.1,8.5,9.0
2019,1629632,Coby,White,PG,6' 3.5'',6' 4.75'',191.4,6' 5'',8' 1.5'',4.3,7.75,9.0
2019,1629025,Kris,Wilkes,SF,6' 6.25'',6' 7.75'',208.8,6' 10.75'',8' 7'',4.9,8.5,9.5
2019,1629684,Grant,Williams,PF,6' 5.75'',6' 7.5'',240.2,6' 9.75'',8' 8.5'',5.4,9.0,10.5
2019,1629627,Zion,Williamson,PF,,,,,,,,
2019,1629685,Dylan,Windler,SF,6' 6.25'',6' 7.5'',195.8,6' 10'',8' 8.5'',4.6,8.25,9.5
2020,1630173,Precious,Achiuwa,PF,6'7.50'',6'8.75'',234,7'0.75'',9'0.50'',6.7,9.0,10.0
2020,1630234,Ty-Shon,Alexander,SG,6'2.00'',6'4.00'',200.8,6'8.00'',8'4.00'',12.3,8.75,8.75
2020,1628962,Udoka,Azubuike,C,6'10.00'',6'11.50'',259.5,7'7.25'',9'1.00'',9.61,9.25,10.0
2020,1630189,Tyler,Bey,PF,6'6.00'',6'7.00'',212.8,7'1.25'',8'9.50'',5.0,8.5,9.0
2020,1630213,Yoeli,Childs,PF,6'6.00'',6'7.00'',226.4,6'11.50'',8'10.00'',8.2,8.75,10.0
2020,1629603,Mamadi,Diakite,PF,6'8.50'',6'10.25'',222.1,7'3.75'',8'11.00'',7.83,9.0,10.25
2020,1629653,Devon,Dotson,PG,6'0.50'',6'1.75'',185.2,6'3.00'',7'11.00'',4.6,8.25,10.0
2020,1630220,Paul,Eboua,SF-PF,6'6.00'',6'7.50'',222.2,7'3.50'',9'0.00'',3.8,9.0,10.25
2020,1629604,CJ,Elleby,SG-SF,6'5.50'',6'6.25'',198.6,6'7.25'',8'4.50'',4.2,8.75,10.0
2020,1630235,Trent,Forrest,PG,6'3.50'',6'4.75'',203,6'7.50'',8'6.50'',5.65,9.0,9.75
2020,1630182,Josh,Green,SG-SF,6'4.50'',6'5.50'',214,6'9.75'',8'5.50'',6.8,8.0,8.75
2020,1630204,Ashton,Hagans,PG,6'1.50'',6'2.50'',193,6'8.00'',8'3.50'',4.1,9.0,9.0
2020,1630221,Joshua,Hall,SF,6'6.00'',6'7.50'',196.6,6'11.00'',8'8.50'',7.6,8.75,9.5
2020,1630223,Jalen,Harris,SG,6'2.75'',6'4.25'',193.4,6'7.00'',8'1.50'',4.4,8.25,9.5
2020,1630210,Markus,Howard,PG,5'9.50'',5'11.00'',170.8,6'0.25'',7'7.50'',9.91,8.5,7.75
2020,1630190,Elijah,Hughes,SF-SG,6'4.75'',6'6.50'',229,6'7.50'',8'5.50'',10.2,8.5,8.75
2020,1630198,Isaiah,Joe,SG,6'3.00'',6'4.50'',170.4,6'7.50'',8'5.00'',4.7,8.25,8.25
2020,1630222,Mason,Jones,SG,6'3.75'',6'5.75'',207.2,6'7.00'',8'6.50'',8.9,8.75,8.5
2020,1630233,Nathan,Knight,PF-C,6'8.00'',6'9.75'',235,7'2.00'',9'1.50'',8.2,9.0,9.5
2020,1630177,Theo,Maledon,PG,6'4.00'',6'5.00'',187.4,6'8.75'',8'4.50'',2.8,8.5,10.0
2020,1630211,Karim,Mane,PG-SG,6'5.00'',6'6.00'',196,6'11.00'',8'6.00'',3.73,8.5,9.75
2020,1630230,Naji,Marshall,SF,6'5.75'',6'7.00'',233.5,7'0.75'',8'6.50'',8.7,9.25,10.5
2020,1630231,Kenyon,Martin Jr.,SF-PF,6'6.00'',6'7.00'',213.2,6'7.25'',8'6.00'',5.9,8.5,8.75
2020,1630219,Skylar,Mays,SG,6'3.00'',6'4.00'',204,6'6.00'',8'3.00'',7.4,8.0,9.75
2020,1630192,Zeke,Nnaji,PF-C,6'9.25'',6'10.50'',246.8,7'2.00'',8'9.50'',5.9,9.0,10.5
2020,1629670,Jordan,Nwora,SF-PF,6'5.75'',6'7.00'',223,6'10.25'',8'8.00'',11.68,8.5,9.25
2020,1629617,Reggie,Perry,PF-C,6'8.25'',6'9.25'',249.6,7'0.25'',8'10.50'',8.4,9.25,11.0
2020,1629619,Myles,Powell,PG-SG,6'0.50'',6'1.50'',194,6'7.00'',8'3.00'',15.8,8.0,9.0
2020,1630193,Immanuel,Quickley,SG,6'2.00'',6'3.00'',185.8,6'8.25'',8'3.00'',8.2,8.0,8.75
2020,1630186,Jahmi'us,Ramsey,SG,6'2.50'',6'3.75'',193.4,6'6.00'',8'4.50'',3.4,8.75,9.75
2020,1630194,Paul,Reed Jr.,PF,6'8.50'',6'9.25'',219.2,7'2.00'',9'1.50'',6.83,9.0,8.75
2020,1630208,Nick,Richards,C,6'10.50'',6'11.50'',241.6,7'2.25'',9'2.00'',8.5,9.0,9.0
2020,1630203,Grant,Riller,PG-SG,6'0.25'',6'1.00'',178.4,6'5.25'',8'0.50'',5.4,8.0,8.5
2020,1630206,Jayden,Scrubb,SG-SF,6'5.00'',6'6.25'',185.2,6'9.50'',8'8.50'',3.7,8.25,9.75
2020,1630188,Jalen,Smith,PF-C,6'9.25'',6'10.25'',224.6,7'2.25'',9'2.00'',3.7,9.25,9.25
2020,1630199,Cassius,Stanley,SG,6'5.00'',6'6.25'',201.6,6'7.00'',8'3.50'',5.8,8.25,9.0
2020,1630205,Lamar,Stevens,SF-PF,6'5.75'',6'6.75'',228,6'9.00'',8'5.00'',6.8,8.5,9.75
2020,1630191,Isaiah,Stewart,C,6'7.25'',6'8.50'',243,7'4.75'',9'0.50'',7.5,9.0,10.5
2020,1630179,Tyrell,Terry,PG,6'1.50'',6'3.00'',170,6'1.75'',8'0.00'',7.6,7.5,8.25
2020,1629681,Killian,Tillie,PF,6'8.75'',6'10.00'',221.6,6'8.00'',8'10.00'',12.43,8.25,9.25
2020,1630214,Xavier,Tillman Sr.,PF-C,6'7.50'',6'8.50'',266.5,7'2.00'',8'10.00'',8.5,10.25,11.0
2020,1629700,Kaleb,Wesson,C,6'9.25'',6'10.25'',252.6,7'3.50'',9'3.50'',12.5,9.0,10.75
2020,1630232,Kahlil,Whitney,SF,6'5.50'',6'7.00'',205,7'0.25'',8'9.50'',5.3,9.25,10.25
2020,1630216,Cassius,Winston,PG,6'0.50'',6'1.50'',196,6'6.00'',8'1.00'',9.0,8.75,8.25
2020,1630218,Robert,Woodard II,SF,6'5.50'',6'7.00'',230.2,7'2.00'',8'9.50'',4.5,9.0,10.75
2021,1630546,Max,Abmas,PG,5'10.5'',5'11.75'',161.80,6'1.75'',7'10.0'',5.5,8.0,7.75
2021,1630534,Ochai,Agbaji,SG,6'4.5'',6'5.5'',214.40,6'10.0'',8'7.5'',4.15,9.0,8.75
2021,1630542,Marcus,Bagley,SF,6'6.0'',6'7.75'',216.80,6'11.0'',8'6.5'',7.5,8.75,8.5
2021,1630567,Scottie,Barnes,SF,6'7.0'',6'8.0'',225.40,7'2.75'',9'0.0'',5.3,9.25,10.25
2021,1629646,Charles,Bassey,C,6'9.25'',6'10.25'',230.20,7'3.0'',8'11.5'',5.9,9.0,9.5
2021,1630527,Brandon,Boston Jr.,SF,6'5.75'',6'7.0'',188.00,6'10.75'',8'8.0'',6.0,9.0,9.75
2021,1630547,James,Bouknight,SG,6'3.5'',6'4.75'',190.00,6'8.25'',8'5.5'',5.5,8.75,9.0
2021,1630535,Greg,Brown III,PF,6'7.25'',6'8.5'',206.40,7'0.25'',8'11.0'',5.5,9.0,9.75
2021,1630215,Jared,Butler,PG,6'2.25'',6'3.75'',193.00,6'4.0'',8'2.5'',5.1,8.5,8.25
2021,1630551,Justin,Champagnie,PF,6'5.75'',6'6.75'',206.40,6'9.5'',8'8.0'',6.3,8.75,8.5
2021,1630577,Julian,Champagnie,SF,6'6.5'',6'7.5'',217.40,6'10.0'',8'10.5'',8.0,9.0,8.5
2021,1630528,Josh,Christopher,SG,6'3.25'',6'4.5'',214.80,6'9.25'',8'5.0'',5.8,8.75,8.5
2021,1630536,Sharife,Cooper,PG,,,,,,,,
2021,1630595,Cade,Cunningham,PG,,,,,,,,
2021,1630245,Ayo,Dosunmu,SG,6'3.5'',6'5.0'',194.40,6'10.25'',8'6.0'',4.9,8.5,8.75
2021,1630561,David,Duke Jr.,SG,6'4.25'',6'5.5'',203.60,6'8.75'',8'6.5'',5.9,8.5,9.0
2021,1630556,Kessler,Edwards,PF,6'7.0'',6'8.0'',203.00,6'11.25'',8'10.0'',4.3,8.5,8.25
2021,1630568,Luka,Garza,C,6'10.0'',6'11.25'',242.80,7'1.5'',8'11.5'',11.7,9.0,9.25
2021,1630564,RaiQuan,Gray,PF,6'6.5'',6'7.75'',268.60,6'10.75'',8'9.0'',17.3,9.25,9.0
2021,1630224,Jalen,Green,SG,,,,,,,,
2021,1629656,Quentin,Grimes,SG,6'4.0'',6'5.25'',205.00,6'8.0'',8'5.0'',6.6,8.5,10.0
2021,1630573,Sam,Hauser,SF,6'6.75'',6'8.0'',217.40,6'9.25'',8'6.0'',7.9,8.25,9.0
2021,1630565,Aaron,Henry,SF,6'4.5'',6'6.0'',209.60,6'10.75'',8'7.5'',5.6,8.5,9.25
2021,1630574,Ariel,Hukporti,C,6'10.75'',7'0.0'',246.00,7'2.5'',9'3.5'',8.1,9.5,9.5
2021,1630562,Matt,Hurt,PF,6'8.5'',6'9.5'',232.40,6'9.5'',8'10.5'',15.2,9.0,9.0
2021,1630538,Nah'Shon,Hyland,SG,6'2.0'',6'3.5'',169.00,6'9.25'',8'5.5'',5.8,8.75,9.0
2021,1630543,Isaiah,Jackson,C,,,,,,,,
2021,1630525,David,Johnson,SG,6'3.25'',6'4.75'',202.80,6'10.5'',8'8.0'',7.5,8.25,8.5
2021,1630552,Jalen,Johnson,PF,6'7.75'',6'9.25'',209.60,7'0.25'',8'10.0'',4.5,9.75,10.5
2021,1630553,Keon,Johnson,SG,6'3.5'',6'4.75'',184.80,6'7.25'',8'1.0'',4.4,8.5,9.0
2021,1630529,Herbert,Jones,SF,6'6.0'',6'7.25'',206.40,7'0.25'',8'10.0'',5.8,8.5,9.0
2021,1630539,Kai,Jones,PF,6'10.0'',6'11.5'',221.40,7'1.75'',9'2.5'',4.7,9.0,9.5
2021,1630637,Carlik,Jones,PG,6'0.0'',6'1.0'',173.60,6'5.0'',8'1.5'',4.5,8.25,9.0
2021,1630548,Johnny,Juzang,SG,6'5.5'',6'7.0'',209.00,6'10.5'',8'4.5'',8.0,8.5,9.5
2021,1630557,Corey,Kispert,SF,6'6.0'',6'7.25'',223.80,6'7.0'',8'6.0'',6.8,8.75,10.0
2021,1630228,Jonathan,Kuminga,SF,,,,,,,,
2021,1630639,AJ,Lawson,SG-SF,6'5.5'',6'6.75'',179.20,6'6.75'',8'3.5'',4.4,8.5,9.25
2021,1630575,Scottie,Lewis,SF,6'4.0'',6'5.25'',187.60,7'0.0'',8'5.5'',4.7,8.75,9.75
2021,1630587,Isaiah,Livers,SF,6'5.75'',6'7.25'',231.80,6'9.25'',8'8.5'',9.4,9.0,9.5
2021,1630588,Makur,Maker,C,6'10.25'',6'11.25'',232.20,7'1.75'',9'4.0'',14.5,8.75,9.5
2021,1630572,Sandro,Mamukelashvili,C,6'9.0'',6'10.0'',239.80,7'1.25'',8'10.5'',7.8,9.0,9.5
2021,1630544,Tre,Mann,PG,6'3.25'',6'4.25'',177.60,6'4.0'',8'2.5'',4.1,8.0,9.0
2021,1630571,Matthew,Mayer,PF,,,,,,,,
2021,1630540,Miles,McBride,PG,6'1.0'',6'2.5'',195.20,6'8.75'',8'3.5'',6.0,9.0,9.5
2021,1630558,Davion,Mitchell,PG,6'0.0'',6'1.25'',202.40,6'4.25'',8'0.5'',6.2,8.25,8.75
2021,1630596,Evan,Mobley,PF,,,,,,,,
2021,1630600,Isaiah,Mobley,PF,6'8.0'',6'9.75'',238.00,7'3.0'',8'11.5'',12.9,9.0,10.0
2021,1630541,Moses,Moody,SG,6'4.5'',6'6.0'',210.60,7'0.75'',8'9.0'',6.8,9.0,10.0
2021,1630530,Trey,Murphy III,SF,6'7.5'',6'9.25'',206.00,7'0.0'',8'9.5'',8.1,8.5,9.0
2021,1630227,Daishen,Nix,PG,6'3.0'',6'4.25'',225.60,6'6.75'',8'4.0'',11.8,8.5,9.0
2021,1630566,John,Petty Jr.,SG,6'4.5'',6'5.75'',186.20,6'9.5'',8'7.5'',5.6,8.5,9.0
2021,1630582,Yves,Pons,PF,6'5.5'',6'6.75'',206.40,7'0.75'',8'8.0'',4.0,9.0,9.25
2021,1630554,Jason,Preston,PG,6'3.0'',6'4.0'',180.60,6'8.5'',8'4.5'',5.45,8.5,9.25
2021,1630563,Joshua,Primo,SG,6'4.0'',6'5.0'',189.00,6'9.25'',8'6.5'',6.3,9.0,10.0
2021,1630576,Roko,Prkacin,PF,6'7.5'',6'9.25'',225.40,6'11.0'',8'11.0'',7.0,8.75,9.25
2021,1629674,Neemias,Queta,C,6'11.25'',7'0.5'',248.40,7'4.0'',9'4.5'',7.6,9.25,10.5
2021,1630559,Austin,Reaves,SG,6'4.5'',6'5.75'',197.20,6'6.25'',8'5.0'',11.0,8.0,8.25
2021,1630526,Jeremiah,Robinson-Earl,PF,6'7.75'',6'9.0'',242.40,6'9.75'',8'9.5'',8.9,9.0,9.75
2021,1630545,Terrence,Shannon Jr.,SF,6'5.5'',6'6.5'',206.60,6'8.25'',8'4.0'',6.7,8.0,8.0
2021,1630549,Day'Ron,Sharpe,C,,,,,,,,
2021,1630579,Jericho,Sims,C,6'9.0'',6'10.0'',250.20,7'3.25'',8'10.0'',5.5,9.0,9.75
2021,1630531,Jaden,Springer,SG,6'3.0'',6'4.25'',202.00,6'7.75'',8'3.0'',6.3,8.5,9.75
2021,1630569,DJ,Steward,PG,6'0.75'',6'1.75'',162.20,6'7.0'',8'2.5'',5.0,8.5,9.0
2021,1630560,Cam,Thomas,SG,,,,,,,,
2021,1630550,JT,Thor,PF,6'8.5'',6'9.25'',203.00,7'3.25'',9'2.0'',6.1,9.25,9.5
2021,1630225,Isaiah,Todd,PF,6'8.75'',6'10.0'',219.00,7'1.25'',8'11.5'',6.2,9.0,9.75
2021,1630613,Duane,Washington Jr.,SG,6'2.25'',6'3.75'',196.80,6'7.75'',8'5.0'',5.1,8.25,8.75
2021,1630570,Trendon,Watford,PF,6'7.5'',6'8.75'',237.40,7'2.25'',8'9.0'',10.1,9.5,9.5
2021,1630580,Joe,Wieskamp,SF,6'5.75'',6'7.25'',204.80,6'11.0'',8'7.0'',4.1,8.5,9.25
2021,1630598,Aaron,Wiggins,SG-SF,6'4.5'',6'5.0'',190.00,6'9.75'',8'7.0'',5.0,8.75,8.5
2021,1630533,Ziaire,Williams,SF,6'8.25'',6'9.75'',188.40,6'10.25'',8'10.5'',4.4,9.0,8.75
2021,1630589,Moses,Wright,PF,6'7.75'',6'9.0'',225.80,7'0.75'',8'11.0'',5.6,9.0,9.5
2021,1630593,McKinley,Wright IV,PG,5'11.25'',6'0.25'',192.20,6'5.25'',7'10.0'',6.7,8.5,9.0
2021,1630681,Marcus,Zegarowski,PG,6'0.75'',6'2.0'',180.80,6'2.75'',8'0.0'',7.2,8.0,9.5
2022,1630534,Ochai,Agbaji,SG,6' 4.50'',6' 5.75'',216.80,6' 10.25'',8' 8.00'',5.4,8.75,9.5
2022,1631116,Patrick,Baldwin Jr.,SF,6' 9.25'',6' 10.25'',230.80,7' 1.75'',9' 2.50'',8.9,8.75,9.5
2022,1631094,Paolo,Banchero,PF,,,,,,,,
2022,1631230,Dominick,Barlow,PF,6' 8.75'',6' 9.75'',221.00,7' 3.00'',9' 0.50'',5.9,9.0,10.5
2022,1630699,MarJon,Beauchamp,SG,6' 5.25'',6' 6.50'',196.60,7' 0.75'',8' 10.00'',5.3,9.0,9.0
2022,1630656,Hugo,Besson,SG,6' 4.50'',6' 5.75'',180.40,6' 5.50'',8' 6.00'',8.8,7.5,8.5
2022,1631103,Malaki,Branham,SG,6' 4.00'',6' 5.50'',194.80,6' 10.00'',8' 6.50'',6.1,8.5,9.75
2022,1631128,Christian,Braun,SG,6' 5.50'',6' 7.00'',209.20,6' 6.50'',8' 3.50'',6.2,8.0,8.5
2022,1631112,Kendall,Brown,SF,6' 6.25'',6' 7.50'',201.20,6' 11.00'',8' 7.00'',4.9,9.0,9.0
2022,1631219,John,Butler Jr.,PF,6' 11.75'',7' 0.75'',174.40,7' 2.25'',9' 4.00'',4.7,8.5,8.75
2022,1630577,Julian,Champagnie,SF,6' 6.25'',6' 7.75'',212.40,6' 10.00'',8' 11.00'',7.1,8.75,9.25
2022,1631113,Kennedy,Chandler,PG,5' 11.50'',6' 0.50'',172.20,6' 5.25'',8' 1.00'',4.4,8.5,9.5
2022,1631108,Max,Christie,SG,6' 4.25'',6' 5.75'',189.20,6' 8.75'',8' 6.50'',4.8,8.0,8.5
2022,1630594,Kofi,Cockburn,C,6' 11.00'',7' 0.00'',293.00,7' 4.25'',9' 2.50'',8.2,9.75,10.25
2022,1630700,Dyson,Daniels,SG,6' 6.00'',6' 7.50'',195.20,6' 10.50'',8' 9.00'',4.9,8.5,9.75
2022,1631098,Johnny,Davis,PG,6' 4.25'',6' 5.75'',196.40,6' 8.50'',8' 7.50'',6.7,8.5,10.25
2022,1631120,JD,Davison,PG,6' 0.50'',6' 2.50'',191.80,6' 6.50'',8' 3.50'',7.8,8.5,9.5
2022,1630620,Darius,Days,SF-PF,,,,,,,,
2022,1631217,Moussa,Diabate,C,6' 9.25'',6' 10.25'',216.60,7' 2.50'',9' 1.50'',2.7,8.5,10.5
2022,1631172,Ousmane,Dieng,SF,,,,,,,,
2022,1631215,Khalifa,Diop,C,,,,,,,,
2022,1631105,Jalen,Duren,C,,,,,,,,
2022,1631106,Tari,Eason,PF,6' 6.75'',6' 8.00'',217.40,7' 2.00'',8' 11.50'',5.9,9.25,11.0
2022,1631165,Keon,Ellis,SG,6' 3.50'',6' 4.75'',167.40,6' 8.50'',8' 6.00'',3.8,8.0,9.25
2022,1630701,Michael,Foster Jr.,C,6' 7.75'',6' 9.25'',236.60,7' 0.25'',9' 1.50'',6.2,8.75,10.0
2022,1631221,Collin,Gillespie,PG,6' 1.50'',6' 2.75'',195.80,6' 4.00'',8' 2.00'',8.6,8.25,9.0
2022,1631100,AJ,Griffin,SF,,,,,,,,
2022,1630702,Jaden,Hardy,SG,,,,,,,,
2022,1631199,Ron,Harper Jr.,SF,6' 4.00'',6' 5.50'',240.40,7' 1.25'',8' 9.50'',14.3,9.5,10.0
2022,1631096,Chet,Holmgren,PF,,,,,,,,
2022,1631127,Harrison,Ingram,SF,6' 5.25'',6' 7.00'',232.80,7' 0.25'',8' 7.50'',8.3,9.0,10.0
2022,1631093,Jaden,Ivey,PG,,,,,,,,
2022,1631218,Trayce,Jackson-Davis,C,,,,,,,,
2022,1631107,Nikola,Jovic,SF,6' 9.50'',6' 11.00'',222.60,7' 0.25'',9' 0.50'',7.4,8.75,9.75
2022,1630548,Johnny,Juzang,SG,6' 5.25'',6' 6.50'',208.60,6' 11.00'',8' 6.50'',7.5,8.5,9.5
2022,1631130,Ismael,Kamagate,PF,,,,,,,,
2022,1631211,Trevor,Keels,SG,6' 3.25'',6' 4.75'',223.80,6' 7.25'',8' 5.00'',13.5,8.25,9.0
2022,1631117,Walker,Kessler,C,7' 0.25'',7' 1.00'',256.00,7' 4.25'',9' 5.00'',14.7,8.5,8.5
2022,1631132,Christian,Koloko,C,6' 10.75'',7' 0.00'',221.00,7' 5.25'',9' 5.00'',5.7,9.0,10.75
2022,1631222,Jake,LaRavia,PF,6' 6.75'',6' 8.00'',227.20,6' 9.50'',8' 8.00'',9.0,8.5,10.25
2022,1631171,Justin,Lewis,PF,6' 6.25'',6' 7.50'',235.40,7' 2.50'',8' 9.50'',7.3,9.0,10.5
2022,1630604,E.J.,Liddell,PF,6' 5.50'',6' 7.00'',243.00,6' 11.75'',8' 7.50'',12.2,8.25,9.25
2022,1631254,Kenneth,Lofton Jr.,PF-C,,,,,,,,
2022,1631213,Tyrese,Martin,SG-SF,,,,,,,,
2022,1631097,Bennedict,Mathurin,SG,6' 4.50'',6' 6.00'',204.60,6' 9.00'',8' 8.00'',5.7,8.5,9.75
2022,1630571,Matthew,Mayer,SF,6' 8.00'',6' 9.25'',216.40,6' 10.50'',8' 9.00'',11.1,9.0,10.25
2022,1631121,Bryce,McGowens,SG,6' 5.25'',6' 6.50'',181.20,6' 8.75'',8' 7.50'',5.4,8.75,9.5
2022,1631159,Leonard,Miller,SF,6' 8.50'',6' 10.00'',211.00,7' 2.00'',8' 10.50'',5.7,9.25,10.5
2022,1631125,Josh,Minnott,PF,,,,,,,,
2022,1631198,Aminu,Mohammed,SG-SF,6' 3.50'',6' 5.00'',212.80,6' 11.00'',8' 8.00'',5.1,8.75,9.5
2022,1631129,Iverson,Molinar,PG,6' 2.25'',6' 3.25'',183.20,6' 8.00'',8' 5.00'',4.8,8.5,9.5
2022,1631168,Jean,Montero,PG,6' 1.00'',6' 2.25'',171.80,6' 5.25'',8' 2.50'',7.4,8.0,8.75
2022,1631111,Wendell,Moore,SG,6' 4.25'',6' 5.50'',217.20,7' 0.50'',8' 5.00'',7.5,8.75,10.25
2022,1631099,Keegan,Murray,PF,,,,,,,,
2022,1629614,Andrew,Nembhard,PG,6' 3.00'',6' 4.50'',195.60,6' 5.75'',8' 3.00'',4.4,8.0,9.5
2022,1630590,Scotty,Pippen Jr.,PG,6' 0.00'',6' 1.50'',180.00,6' 5.75'',7' 11.50'',5.3,7.75,9.0
2022,1630629,Gabriele,Procida,SG-SF,6' 5.75'',6' 7.75'',192.80,6' 8.00'',8' 10.00'',3.8,8.0,9.25
2022,1631197,Jared,Rhoden,SG-SF,,,,,,,,
2022,1631115,Orlando,Robinson,C,6' 9.75'',6' 11.00'',244.40,7' 4.00'',9' 3.00'',9.5,8.75,10.0
2022,1631223,David,Roddy,PF,6' 4.50'',6' 6.00'',260.80,6' 11.50'',8' 9.00'',11.6,8.75,10.0
2022,1631157,Ryan,Rollins,SG,6' 2.00'',6' 3.25'',179.20,6' 9.75'',8' 4.50'',5.0,8.0,8.5
2022,1631204,Marcus,Sasser,PG,,,,,,,,
2022,1631220,Dereon,Seabron,SG,6' 4.75'',6' 5.75'',182.40,6' 8.75'',8' 7.50'',4.0,8.5,9.5
2022,1631101,Shaedon,Sharpe,SG,6' 4.25'',6' 5.25'',198.00,6' 11.50'',8' 7.50'',4.8,9.0,9.25
2022,1631095,Jabari,Smith,PF,,,,,,,,
2022,1631173,Terquavion,Smith,SG,6' 2.25'',6' 3.75'',165.20,6' 6.50'',8' 2.00'',3.8,8.5,8.0
2022,1631110,Jeremy,Sochan,PF,,,,,,,,
2022,1631164,Matteo,Spagnolo,PG,6' 4.00'',6' 5.50'',196.20,6' 8.00'',8' 6.00'',8.6,8.25,10.0
2022,1631124,Julian,Strawther,SF,6' 5.75'',6' 7.00'',207.60,6' 9.50'',8' 8.50'',7.9,8.25,8.5
2022,1631207,Dalen,Terry,SG,6' 6.00'',6' 7.25'',195.20,7' 0.75'',8' 10.00'',5.4,8.5,9.0
2022,1631166,Drew,Timme,C,6' 8.25'',6' 9.25'',231.60,7' 2.00'',8' 11.50'',15.7,9.0,10.0
2022,1631133,Jabari,Walker,PF,6' 6.75'',6' 8.00'',213.80,6' 10.75'',8' 9.00'',12.1,8.75,9.75
2022,1631102,TyTy,Washington Jr.,SG,6' 2.25'',6' 3.75'',196.40,6' 8.00'',8' 3.50'',12.0,8.5,9.25
2022,1631212,Peyton,Watson,SF,6' 6.75'',6' 8.00'',203.40,7' 0.50'',8' 11.50'',5.2,8.5,9.5
2022,1631104,Blake,Wesley,SG,6' 3.00'',6' 4.25'',187.20,6' 9.25'',8' 7.00'',5.6,8.25,9.0
2022,1630652,Trevion,Williams,C,6' 7.25'',6' 8.75'',264.60,7' 2.75'',9' 0.50'',10.8,9.0,10.25
2022,1631109,Mark,Williams,C,7' 0.00'',7' 2.00'',242.40,7' 6.50'',9' 9.00'',5.4,9.0,9.75
2022,1631114,Jalen,Williams,SG,6' 4.50'',6' 5.75'',209.20,7' 2.25'',8' 9.50'',8.9,8.5,9.5
2022,1631119,Jaylin,Williams,C,6' 8.75'',6' 10.00'',236.60,7' 1.00'',9' 0.50'',8.0,8.5,10.5
2022,1631214,Alondes,Williams,SG,6' 3.75'',6' 5.00'',209.00,6' 7.00'',8' 6.00'',7.2,8.5,9.25
2022,1631258,Bryson,Williams,PF-C,,,,,,,,
2022,1630592,Jalen,Wilson,SF-PF,,,,,,,,
2022,1630855,Fanbo,Zeng,SF-PF,,,,,,,,
2023,1641725,Trey,Alexander,SG,6' 3.25'',,184.60,6' 10.00'',8' 5.50'',,8.5,8.75
2023,1641735,Amari,Bailey,SG,6' 3.25'',,190.80,6' 7.00'',8' 7.50'',,8.0,9.25
2023,1641734,Emoni,Bates,SF,6' 8.25'',,179.20,6' 9.00'',8' 9.00'',,8.0,8.25
2023,1641736,Reece,Beekman,PG,6' 1.50'',,190.60,6' 7.00'',8' 4.50'',,8.5,8.25
2023,1641710,Anthony,Black,PG,6' 5.75'',,210.00,6' 7.50'',8' 6.50'',,8.25,9.5
2023,1641737,Adem,Bona,C,6' 8.25'',,243.40,,9' 2.50'',,9.25,10.0
2023,1641738,Kobe,Brown,PF,6' 6.50'',,252.20,7' 0.75'',8' 10.50'',,8.75,9.75
2023,1641723,Kobe,Bufkin,SG,6' 4.25'',,186.80,6' 7.75'',8' 6.50'',,8.0,9.25
2023,1641739,Toumani,Camara,PF,6' 7.00'',,220.40,7' 0.50'',8' 11.00'',,9.0,10.0
2023,1631321,Sidy,Cissoko,SF,6' 5.50'',,223.80,6' 9.75'',8' 8.00'',,9.25,10.0
2023,1641740,Jaylen,Clark,SG,6' 4.00'',,204.20,6' 9.00'',8' 5.50'',,8.5,9.0
2023,1641730,Noah,Clowney,PF,,,,,,,,
2023,1641731,Bilal,Coulibaly,SG-SF,,,,,,,,
2023,1641741,Ricky,Council IV,SF,6' 5.00'',,208.00,6' 9.00'',8' 7.00'',,7.75,8.5
2023,1641711,Gradey,Dick,SG,6' 6.25'',,204.00,6' 8.75'',8' 5.00'',,8.25,9.0
2023,1641743,Nikola,Djurisic,SF,6' 7.00'',,217.60,6' 8.25'',8' 6.00'',,8.25,9.5
2023,1641744,Zach,Edey,C,7' 3.25'',,306.40,7' 10.50'',9' 7.50'',,9.75,11.0
2023,1641745,Adam,Flagler,PG,6' 1.00'',,191.80,6' 4.50'',8' 1.00'',,8.0,9.25
2023,1641718,Keyonte,George,SG,,,,,,,,
2023,1631243,Mouhamed,Gueye,C,6' 10.25'',,212.60,7' 3.25'',9' 2.50'',,9.0,10.0
2023,1641722,Jordan,Hawkins,SG,6' 4.25'',,186.00,6' 6.75'',8' 5.50'',,8.25,8.75
2023,1641746,Coleman,Hawkins,PF,6' 8.50'',,224.40,7' 0.25'',9' 0.50'',,8.75,8.75
2023,1630703,Scoot,Henderson,PG,,,,,,,,
2023,1641707,Taylor,Hendricks,PF,6' 8.25'',,213.60,7' 0.50'',8' 11.00'',,9.25,10.25
2023,1641747,DaRon,Holmes II,C,6' 9.00'',,220.80,7' 0.50'',9' 1.00'',,8.5,9.5
2023,1641720,Jalen,Hood-Schifino,PG,6' 4.25'',,216.60,6' 10.25'',8' 4.50'',,9.0,9.75
2023,1641724,Jett,Howard,SF,,,,,,,,
2023,1641713,GG,Jackson,PF,6' 8.25'',,214.40,6' 11.50'',8' 10.00'',,8.5,10.0
2023,1641748,Andre,Jackson Jr.,SF,6' 5.50'',,198.40,6' 9.75'',8' 7.00'',,8.25,9.5
2023,1631218,Trayce,Jackson-Davis,C,6' 8.25'',,240.40,7' 1.00'',8' 10.00'',,9.25,10.75
2023,1631170,Jaime,Jaquez Jr.,SF,6' 6.00'',,226.40,6' 9.50'',8' 3.50'',,8.5,9.5
2023,1641749,Keyontae,Johnson,SF,6' 4.00'',,238.60,7' 0.00'',8' 7.00'',,9.0,9.0
2023,1641732,Colby,Jones,SG,6' 4.50'',,199.20,6' 8.00'',8' 7.00'',,8.25,8.5
2023,1641750,Ryan,Kalkbrenner,C,7' 0.75'',,251.80,7' 5.00'',9' 4.50'',,9.25,11.0
2023,1641751,Arthur,Kaluma,PF,6' 6.25'',,221.80,7' 0.50'',8' 7.50'',,8.5,10.0
2023,1631340,Mojave,King,SG,6' 3.75'',,200.60,6' 8.00'',8' 5.00'',,8.75,9.5
2023,1641752,Bobi,Klintman,PF,,,,,,,,
2023,1641721,Maxwell,Lewis,SG,6' 6.25'',,207.20,7' 0.00'',8' 8.50'',,8.75,9.5
2023,1641726,Dereck,Lively Jr.,C,,,,,,,,
2023,1641753,Chris,Livingston,SF,6' 6.00'',,219.20,6' 11.25'',8' 8.50'',,8.5,9.0
2023,1641754,Seth,Lundy,SF,6' 4.00'',,214.40,6' 10.25'',8' 8.00'',,8.5,9.0
2023,1631256,Kevin,McCullar,SF,,,,,,,,
2023,1641756,Mike,Miles Jr.,PG,6' 0.75'',,205.00,6' 0.50'',8' 0.00'',,8.0,8.25
2023,1631159,Leonard,Miller,PF,6' 9.25'',,212.80,7' 2.00'',8' 10.50'',,9.5,10.5
2023,1641706,Brandon,Miller,SF,,,,,,,,
2023,1641757,Jordan,Miller,SF,6' 4.50'',,191.60,6' 11.75'',8' 7.50'',,8.5,9.25
2023,1641758,Judah,Mintz,PG,6' 3.00'',,176.40,6' 3.50'',8' 2.00'',,8.25,9.25
2023,1641759,Dillon,Mitchell,PF,6' 6.75'',,193.00,6' 10.00'',8' 9.00'',,8.25,9.5
2023,1641760,Omari,Moore,SG,6' 5.25'',,188.60,6' 9.75'',8' 7.5'',,9.0,10.25
2023,1631200,Kris,Murray,PF,6' 7.75'',,212.80,6' 11.75'',8' 10.00'',,8.5,9.0
2023,1641761,Grant,Nelson,PF,6' 10.00'',,223.40,7' 0.00'',8' 10.50'',,9.0,9.5
2023,1641762,James,Nnaji,C,,,,,,,,
2023,1641763,Julian,Phillips,SF,6' 6.75'',,196.60,6' 11.50'',8' 6.00'',,8.5,9.0
2023,1629618,Jalen,Pickett,PG,6' 2.00'',,197.80,6' 7.25'',8' 2.50'',,8.5,7.5
2023,1641764,Brandin,Podziemski,SG,6' 3.75'',,203.80,6' 5.50'',8' 0.50'',,8.25,10.0
2023,1641765,Olivier-Maxence,Prosper,PF,6' 6.75'',,212.40,7' 1.00'',8' 8.00'',,8.25,10.0
2023,1641712,Rayan,Rupert,SF,6' 6.00'',,193.20,7' 2.00'',8' 10.00'',,8.5,9.5
2023,1641766,Adama,Sanogo,C,6' 7.25'',,257.80,7' 2.75'',9' 0.50'',,9.75,10.0
2023,1631204,Marcus,Sasser,PG,6' 1.25'',,195.60,6' 7.00'',8' 3.50'',,8.75,9.5
2023,1641729,Brice,Sensabaugh,SF,,,,,,,,
2023,1630545,Terrence,Shannon Jr.,SF,6' 5.50'',,220.00,6' 8.00'',8' 6.00'',,8.25,8.0
2023,1641767,Ben,Sheppard,SG,6' 5.25'',,194.60,6' 7.75'',8' 4.00'',,8.5,9.5
2023,1641771,Jalen,Slawson,PF,6' 6.50'',,221.60,6' 11.75'',8' 10.00'',,9.0,9.0
2023,1631173,Terquavion,Smith,SG,6' 2.50'',,163.20,6' 6.75'',8' 2.00'',,8.5,8.0
2023,1641733,Nick,Smith Jr.,SG,,,,,,,,
2023,1631124,Julian,Strawther,SF,6' 6.00'',,208.80,6' 9.25'',8' 9.00'',,8.25,8.25
2023,1641708,Amen,Thompson,SG,6' 5.75'',,214.20,7' 0.00'',8' 7.50'',,8.5,8.5
2023,1641709,Ausar,Thompson,SG,6' 5.75'',,218.20,7' 0.00'',8' 8.00'',,8.75,9.25
2023,1631166,Drew,Timme,C,6' 8.75'',,243.20,7' 1.75'',9' 0.50'',,9.0,10.0
2023,1641772,Nae'Qwan,Tomlin,PF,,,,,,,,
2023,1631131,Oscar,Tshiebwe,C,6' 7.25'',,253.60,7' 3.50'',9' 0.00'',,9.75,10.25
2023,1641773,Azuolas,Tubelis,PF,6' 8.75'',,234.80,6' 11.00'',9' 0.00'',,9.0,10.5
2023,1641774,Tristan,Vukcevic,C,6' 11.25'',,223.40,7' 2.50'',9' 3.00'',,9.0,10.25
2023,1641716,Jarace,Walker,PF,6' 6.50'',,248.60,7' 2.50'',8' 8.50'',,9.0,10.0
2023,1641717,Cason,Wallace,PG,6' 2.50'',,195.20,6' 8.50'',8' 5.00'',,8.5,9.25
2023,1641775,Jordan,Walsh,SF,6' 5.75'',,204.00,7' 1.75'',8' 11.00'',,8.75,8.5
2023,1641705,Victor,Wembanyama,C,,,,,,,,
2023,1641727,Dariq,Whitehead,SG,6' 5.75'',,217.20,6' 10.25'',8' 7.50'',,8.5,10.0
2023,1641715,Cam,Whitmore,SF,6' 5.75'',,235.00,6' 8.50'',8' 7.50'',,8.0,8.25
2023,1630592,Jalen,Wilson,SF,6' 5.50'',,230.20,6' 8.00'',8' 3.50'',,8.25,9.0
2023,1631209,Isaiah,Wong,SG,6' 2.50'',,178.40,6' 6.75'',8' 1.50'',,8.25,9.5
2024,1642369,Michael,Ajayi,SF,6' 5.75'',,227.80,7' 0.75'',8' 10.50'',,9.5,9.75
2024,1642351,Melvin,Ajinca,SF,6' 7.25'',,213.8,6' 7.5'',8' 10.5'',,8.5,9.75
2024,1641725,Trey,Alexander,SG,6' 3.25'',,187.00,6' 10.50'',8' 5.50'',,8.75,10.0
2024,1641891,Izan,Almansa,C,6' 9.25'',,219.60,7' 1.00'',9' 2.00'',,9.25,9.25
2024,1641736,Reece,Beekman,PG,6' 1.25'',,196.44,6' 6.50'',8' 4.00'',,8.5,9.0
2024,1641737,Adem,Bona,C,6' 8.25'',,243.20,7' 3.75'',9' 0.00'',,9.5,10.0
2024,1642350,Trevon,Brazile,PF,6' 9.25'',,215.00,7' 3.75'',9' 0.50'',,9.0,10.25
2024,1641779,Jalen,Bridges,SF,6' 6.75'',,213.40,6' 10.00'',8' 9.00'',,9.0,10.0
2024,1641824,Matas,Buzelis,SF,6' 8.75'',,197.00,6' 10.00'',8' 9.50'',,8.5,9.25
2024,1642267,Carlton,Carrington,PG,6' 3.75'',,194.80,6' 8.00'',8' 3.00'',,8.5,9.25
2024,1642269,Devin,Carter,SG,6' 2.25'',,193.00,6' 8.75'',8' 2.00'',,8.75,9.0
2024,1642264,Stephon,Castle,SG,6' 5.50'',,210.00,6' 9.00'',8' 6.00'',,8.75,8.75
2024,1642279,Ulrich,Chomche,C,6' 10.25'',,232.40,7' 4.00'',9' 1.00'',,9.25,10.25
2024,1642353,Cam,Christie,SG,6' 4.50'',,190.40,6' 8.00'',8' 5.50'',,8.0,8.0
2024,1642363,Nique,Clifford,SF,6' 5.00'',,198.60,6' 8.00'',8' 6.00'',,8.0,9.0
2024,1642270,Donovan,Clingan,C,7' 1.75'',,282.00,7' 6.75'',9' 7.00'',,10.0,10.25
2024,1642268,Isaiah,Collier,PG,6' 2.50'',,204.60,6' 4.75'',8' 1.50'',,8.5,9.0
2024,1641783,Tristan,Da Silva,PF,6' 8.25'',,216.80,6' 10.25'',8' 8.50'',,9.0,9.5
2024,1642359,Pacome,Dadiet,SF,6' 7.75'',,216.8,6' 9'',8' 11.5'',,8.5,9.0
2024,1642368,N'Faly,Dante,C,6' 10.00'',,260.20,7' 6.00'',9' 3.00'',,9.25,10.0
2024,1642265,Robert,Dillingham,PG,6' 1.00'',,164.20,6' 3.00'',7' 11.00'',,8.0,8.25
2024,1641743,Nikola,Djurisic,SF,6' 7.00'',,208.80,6' 8.00'',8' 6.50'',,8.5,10.0
2024,1642346,Ryan,Dunn,PF,6' 6.25'',,213.60,7' 1.50'',8' 7.00'',,9.0,9.75
2024,1641744,Zach,Edey,C,7' 3.75'',,299.00,7' 10.75'',9' 7.00'',,10.0,10.75
2024,1642348,Justin,Edwards,SF,6' 6.00'',,209.40,6' 10.00'',8' 6.50'',,8.75,8.75
2024,1642399,Jesse,Edwards,C,6' 11.50'',,236.00,7' 5.00'',9' 3.00'',,9.25,10.0
2024,1642407,Boogie,Ellis,PG-SG,6' 0.75'',,185.00,6' 7.00'',8' 2.00'',,9.0,9.5
2024,1642271,Kyle,Filipowski,PF,6' 10.75'',,229.80,6' 10.50'',8' 11.00'',,8.75,9.5
2024,1642280,Trentyn,Flowers,SF,6' 6.50'',,201.40,6' 8.25'',8' 4.50'',,8.75,9.5
2024,1642402,Enrique,Freeman,PF,6' 7.25'',,212.00,7' 2.00'',9' 0.00'',,8.75,10.0
2024,1642277,Johnny,Furphy,SF,6' 7.50'',,188.80,6' 8.00'',8' 8.50'',,8.0,9.5
2024,1642273,Kyshawn,George,SF,6' 7.00'',,208.80,6' 10.25'',8' 9.00'',,9.0,10.25
2024,1642360,Tyon,Grant-Foster,SF,6' 5.75'',,215.20,6' 11.75'',8' 8.00'',,8.75,9.25
2024,1641790,PJ,Hall,C,6' 8.25'',,239.60,7' 1.50'',8' 7.50'',,9.0,9.75
2024,1641746,Coleman,Hawkins,PF,6' 8.25'',,215.20,7' 0.00'',8' 11.00'',,8.75,8.75
2024,1641842,Ron,Holland II,SF,6' 6.50'',,196.80,6' 10.75'',8' 8.00'',,8.75,9.0
2024,1641747,DaRon,Holmes II,C,6' 8.75'',,236.20,7' 1.00'',9' 0.00'',,8.75,9.0
2024,1630574,Ariel,Hukporti,C,6' 10.75'',,246.20,7' 2.50'',9' 3.00'',,9.25,10.25
2024,1642345,Oso,Ighodaro,C,6' 9.50'',,222.00,6' 11.00'',8' 8.50'',,9.0,10.0
2024,1631127,Harrison,Ingram,SF,6' 5.25'',,233.60,7' 0.25'',8' 6.50'',,9.0,10.25
2024,1642355,Bronny,James,SG,6' 1.50'',,210.40,6' 7.25'',8' 2.50'',,8.5,9.5
2024,1642352,Keshad,Johnson,PF,6' 6.25'',,224.00,6' 10.25'',8' 7.00'',,9.25,10.75
2024,1642358,AJ,Johnson,SG,6' 4.25'',,167.00,6' 8.50'',8' 6.00'',,8.5,8.5
2024,1641794,Dillon,Jones,SF,6' 4.50'',,236.80,6' 11.00'',8' 4.50'',,9.0,9.25
2024,1642357,David,Jones,SF,6' 3.50'',,211.20,6' 6.75'',8' 4.00'',,8.5,9.5
2024,1642403,Isaac,Jones,C,6' 7.75'',,235.00,7' 3.00'',9' 0.00'',,9.25,10.25
2024,1642284,Alex,Karaban,PF,6' 6.50'',,219.20,6' 11.00'',8' 10.50'',,8.75,9.25
2024,1641752,Bobi,Klintman,PF,6' 8.75'',,212.20,6' 11.00'',8' 10.50'',,8.75,10.0
2024,1642261,Dalton,Knecht,SF,6' 5.25'',,212.20,6' 9.00'',8' 7.50'',,8.5,9.5
2024,1642278,Tyler,Kolek,PG,6' 1.25'',,196.60,6' 2.75'',7' 11.00'',,8.25,9.5
2024,1641796,Pelle,Larsson,SG,6' 5.25'',,212.40,6' 7.50'',8' 6.00'',,8.75,10.25
2024,1642272,Jared,McCain,SG,6' 2.00'',,203.20,6' 3.50'',8' 2.00'',,8.25,9.5
2024,1641755,Kevin,McCullar Jr.,SF,6' 5.25'',,205.80,6' 9.00'',8' 7.00'',,8.75,9.5
2024,1642274,Yves,Missi,C,6' 10.75'',,229.40,7' 2.00'',9' 1.50'',,9.5,10.0
2024,1642349,Ajay,Mitchell,PG,6' 3.25'',,197.00,6' 6.25'',8' 5.00'',,8.5,8.5
2024,1642367,Jonathan,Mogbo,PF,6' 6.25'',,217.20,7' 2.00'',9' 0.50'',,8.75,8.75
2024,1641803,Tristen,Newton,PG,6' 3.25'',,191.80,6' 6.75'',8' 4.00'',,8.5,9.0
2024,1642361,Juan,Nunez,PG,6' 4'',,205.6,6' 6.5'',8' 6'',,8.5,9.5
2024,1642366,Quinten,Post,C,7' 0.00'',,244.40,7' 2.50'',9' 4.00'',,9.25,10.0
2024,1641810,Antonio,Reeves,SG,6' 4.50'',,186.60,6' 8.25'',8' 4.50'',,9.0,10.0
2024,1642258,Zaccharie,Risacher,SF,6' 8.5'',,194.6,6' 9.5'',8' 11'',,8.5,8.75
2024,1642283,Jaxson,Robinson,SG,6' 4.75'',,188.60,6' 11.25'',8' 7.00'',,9.0,9.5
2024,1642275,Tidjane,Salaun,PF,6' 8.75'',,217.4,7' 1.5'',9' 2'',,8.5,9.75
2024,1642282,Hunter,Sallis,SG,6' 3.50'',,179.40,6' 9.75'',8' 4.50'',,8.0,9.5
2024,1642362,Payton,Sandfort,SF,6' 6.25'',,212.00,6' 8.00'',8' 8.00'',,8.5,9.0
2024,1642259,Alexandre,Sarr,C,6' 11.75'',,224.20,7' 4.25'',9' 2.00'',,9.0,10.0
2024,1631248,Baylor,Scheierman,SF,6' 6.25'',,201.60,6' 8.25'',8' 6.50'',,9.25,9.75
2024,1641813,Mark,Sears,PG,5' 10.25'',,192.40,6' 2.00'',7' 8.00'',,8.0,8.5
2024,1630545,Terrence,Shannon Jr.,SF,6' 5.75'',,219.40,6' 8.75'',8' 4.00'',,8.75,8.5
2024,1642347,Jamal,Shead,PG,6' 0.25'',,200.80,6' 3.00'',8' 0.00'',,8.25,8.75
2024,1642263,Reed,Sheppard,PG,6' 1.75'',,181.60,6' 3.25'',7' 9.50'',,7.75,9.0
2024,1642354,KJ,Simpson,PG,6' 0.25'',,187.00,6' 4.50'',7' 9.50'',,8.25,9.25
2024,1641890,Tyler,Smith,PF,6' 9.00'',,223.80,7' 1.00'',8' 9.00'',,8.5,9.0
2024,1642285,Cam,Spencer,SG,6' 3.00'',,201.80,6' 5.00'',8' 2.50'',,8.5,9.75
2024,1641772,Nae'Qwan,Tomlin,PF,6' 8.25'',,205.00,7' 2.50'',9' 1.00'',,9.0,10.0
2024,1642260,Nikola,Topic,PG,6' 5.75'',,203,6' 5.5'',8' 6'',,8.0,9.0
2024,1642356,JT,Toppin,PF,6' 7.00'',,221.00,7' 0.50'',8' 10.00'',,9.25,9.25
2024,1642281,Jaylon,Tyson,SF,6' 5.50'',,218.20,6' 8.00'',8' 6.50'',,8.25,9.5
2024,1642266,Ja'Kobe,Walter,SG,6' 4.25'',,197.60,6' 10.00'',8' 6.50'',,8.75,9.75
2024,1642276,Kel'el,Ware,C,6' 11.75'',,230.00,7' 4.50'',9' 4.50'',,9.5,10.25
2024,1642364,Jamir,Watkins,SF,6' 5.00'',,211.60,6' 10.75'',8' 8.00'',,9.0,9.5
2024,1642377,Jaylen,Wells,SF,6' 6.50'',,206.20,6' 7.25'',8' 7.50'',,8.25,9.25
2024,1642262,Cody,Williams,SF,6' 6.50'',,178.40,7' 1.00'',8' 7.00'',,8.25,9.0
2025,1641891,Izan,Almansa,C,6' 9.25'',,220.40,7' 1.75'',9' 1.50'',,9.25,9.5
2025,1642921,Neoklis,Avdalas,SF,6' 7.50'',,197.80,6' 9.00'',8' 8.50'',,8.25,9.75
2025,1642846,Ace,Bailey,SF-PF,6' 7.50'',,202.80,7' 0.50'',8' 11.00'',,8.5,9.0
2025,1642926,Tamar,Bates,SG,6' 3.75'',,191.40,6' 10.25'',8' 7.00'',,9.75,9.0
2025,1642866,Joan,Beringer,C,6' 11.00'',,234.80,7' 4.50'',9' 3.00'',,9.75,10.0
2025,1642886,Koby,Brea,SG,6' 5.75'',,201.80,6' 5.25'',8' 5.50'',,8.5,9.25
2025,1641780,Johni,Broome,SF-PF,6' 9.25'',,249.40,7' 0.25'',9' 0.50'',,9.25,10.25
2025,1642868,Carter,Bryant,SF-PF,6' 6.50'',,214.80,6' 11.75'',8' 10.00'',,8.5,9.5
2025,1642891,Miles,Byrd,SG,6' 4.75'',,181.80,6' 10.00'',8' 6.50'',,8.75,9.25
2025,1642383,Walter,Clayton Jr.,PG-SG,6' 2.00'',,199.00,6' 4.00'',8' 1.50'',,8.25,9.75
2025,1642363,Nique,Clifford,PG-SG,6' 5.25'',,202.00,6' 8.00'',8' 6.50'',,8.25,8.5
2025,1642960,Alex,Condon,SF-PF,6' 11.25'',,221.80,7' 0.75'',8' 11.50'',,9.25,9.75
2025,1642907,Cedric,Coward,PG-SG,6' 5.25'',,213.00,7' 2.25'',8' 10.00'',,9.25,10.0
2025,1642856,Egor,Demin,PG-SG,6' 8.25'',,199.20,6' 10.25'',8' 9.50'',,8.25,9.25
2025,1642915,Eric,Dixon,PF,6' 7.50'',,258.60,6' 11.50'',8' 8.00'',,8.75,10.0
2025,1642845,VJ,Edgecombe,PG-SG,6' 4.00'',,193.20,6' 7.50'',8' 5.50'',,8.5,9.5
2025,1642855,Noa,Essengue,PF,6' 10.00'',,204.00,7' 1.00'',9' 2.00'',,8.97,10.62
2025,1642847,Jeremiah,Fears,PG-SG,6' 2.50'',,179.60,6' 5.25'',8' 2.50'',,8.25,9.25
2025,1642843,Cooper,Flagg,SF-PF,6' 7.75'',,221.00,7' 0.00'',8' 10.50'',,8.75,9.75
2025,1642858,Boogie,Fland,PG,6' 2.00'',,172.40,6' 6.00'',8' 2.00'',,8.5,9.0
2025,1642853,Rasheer,Fleming,SF-PF,6' 8.25'',,232.40,7' 5.25'',9' 1.00'',,9.5,9.5
2025,1642884,Vladislav,Goldin,C,7' 0.00'',,253.40,7' 5.25'',9' 3.00'',,9.5,11.75
2025,1642864,Hugo,González,SF,6' 6.25'',,222.70,6' 10.75'',8' 5.50'',,10.25,9.0
2025,1642919,PJ,Haggerty,SG,6' 2.25'',,189.40,6' 6.50'',8' 1.50'',,8.5,9.5
2025,1642844,Dylan,Harper,PG-SG,6' 4.50'',,213.20,6' 10.50'',8' 6.00'',,9.25,9.25
2025,1642916,Ben,Henshall,SG,6' 5.50'',,193.40,6' 6.50'',8' 3.50'',,8.0,8.0
2025,1642857,Kasparas,Jakucionis,PG-SG,6' 4.75'',,205.20,6' 7.75'',8' 3.50'',,8.5,9.75
2025,1642883,Sion,James,SG,6' 4.50'',,217.60,6' 6.50'',8' 4.00'',,8.25,9.25
2025,1642848,Tre,Johnson,PG-SG,6' 4.75'',,190.40,6' 10.25'',8' 5.00'',,8.5,8.0
2025,1642880,Kam,Jones,PG,6' 3.25'',,202.40,6' 6.00'',8' 4.50'',,8.25,8.5
2025,1641750,Ryan,Kalkbrenner,C,7' 1.00'',,257.40,7' 6.00'',9' 4.00'',,9.25,11.25
2025,1642909,Karter,Knox,SF,6' 5.00'',,214.20,6' 10.25'',8' 6.50'',,9.0,9.5
2025,1642851,Kon,Knueppel,PG-SG,6' 5.00'',,219.00,6' 6.25'',8' 5.50'',,8.5,9.75
2025,1642404,Chaz,Lanier,PG-SG,6' 3.75'',,205.80,6' 9.00'',8' 5.50'',,8.5,9.75
2025,1642865,Yaxel,Lendeborg,PF,6' 8.50'',,234.60,7' 4.00'',9' 0.50'',,9.25,10.0
2025,1642961,RJ,Luis Jr.,SF,6' 5.75'',,210.00,6' 10.50'',8' 7.50'',,9.0,10.0
2025,1642863,Khaman,Maluach,C,7' 0.75'',,252.80,7' 6.75'',9' 6.00'',,9.75,10.25
2025,1642881,Bogoljub,Markovic,PF,6' 10.50'',,213.2,6' 11.50'',9' 2.00'',,8.25,9.75
2025,1642918,Alijah,Martin,SG,6' 1.50'',,208.40,6' 7.50'',8' 3.50'',,8.25,9.25
2025,1642862,Liam,McNeeley,SF-PF,6' 6.75'',,214.60,6' 8.50'',8' 3.50'',,8.75,10.0
2025,1642944,Mackenzie,Mgbako,SF-PF,6' 7.50'',,216.40,6' 10.25'',8' 7.00'',,9.0,9.25
2025,1642922,Jalon,Moore,SF,6' 6.25'',,203.40,6' 10.25'',8' 8.50'',,9.0,9.5
2025,1642867,Collin,Murray-Boyles,SF-PF,6' 6.50'',,239.20,7' 0.75'',8' 10.00'',,8.5,10.25
2025,1641761,Grant,Nelson,PF,6' 10.00'',,229.80,7' 0.00'',9' 1.00'',,9.0,9.75
2025,1642948,Ryan,Nembhard,PG,5' 11.00'',,175.80,6' 2.25'',7' 10.00'',,9.5,8.25
2025,1642854,Asa,Newell,SF-PF,6' 9.00'',,223.80,6' 11.25'',8' 11.50'',,9.25,10.0
2025,1642949,Yanic Konan,Niederhauser,C,6' 11.25'',,242.60,7' 3.25'',9' 3.00'',,9.5,9.0
2025,1642950,Lachlan,Olbrich,PF,6' 8.75'',,230.20,6' 11.25'',8' 11.50'',,10.0,9.0
2025,1642923,Otega,Oweh,SG,6' 4.25'',,212.60,6' 8.50'',8' 5.50'',,8.5,9.5
2025,1641825,Dink,Pate,SG,6' 6.25'',,200.80,6' 9.75'',8' 8.00'',,8.5,9.0
2025,1642877,Micah,Peavy,SF,6' 6.25'',,211.60,6' 7.25'',8' 5.00'',,8.5,8.75
2025,1642869,Noah,Penda,PF,6' 7.25'',,241.8,6' 11.50'',8' 10.50'',,8.25,9.75
2025,1642861,Tahaad,Pettiford,PG,6' 0.25'',,168.80,6' 5.50'',8' 0.00'',,8.25,8.5
2025,1642889,Labaron,Philon,PG-SG,6' 2.75'',,174.60,6' 6.25'',8' 3.50'',,8.5,9.0
2025,1642962,Drake,Powell,SF-PF,6' 5.25'',,200.40,7' 0.00'',8' 7.00'',,8.75,10.0
2025,1642878,Tyrese,Proctor,PG-SG,6' 4.25'',,183.20,6' 7.25'',8' 4.50'',,8.25,9.0
2025,1642852,Derik,Queen,C,6' 9.25'',,247.80,7' 0.50'',9' 1.50'',,9.0,9.5
2025,1642875,Maxime,Raynaud,C,7' 0.25'',,236.80,7' 1.25'',9' 2.00'',,9.0,10.25
2025,1642859,Jase,Richardson,PG-SG,6' 0.50'',,178.40,6' 6.00'',8' 2.50'',,8.5,9.5
2025,1642860,Will,Riley,SF-PF,6' 8.25'',,185.60,6' 8.75'',8' 8.00'',,8.5,9.0
2025,1642913,Michael,Ruzic,PF,6' 11.00'',,221.40,7' 0.75'',9' 0.00'',,9.0,9.25
2025,1642282,Hunter,Sallis,SG,6' 3.75'',,181.40,6' 10.00'',8' 4.00'',,8.5,9.75
2025,1642920,Kobe,Sanders,SF,6' 7.00'',,203.20,6' 8.25'',8' 7.00'',,8.5,9.25
2025,1642879,Ben,Saraf,PG,6' 6.00'',,199.00,6' 8.70'',8' 4.00'',,9.44,8.07
2025,1641813,Mark,Sears,PG,5' 10.75'',,183.40,6' 2.00'',7' 8.50'',,8.0,8.75
2025,1642917,Max,Shulga,SG,6' 4.25'',,206.40,6' 5.75'',8' 3.00'',,8.0,9.75
2025,1642914,Javon,Small,PG,6' 1.00'',,190.00,6' 4.75'',8' 0.00'',,8.25,9.75
2025,1642850,Thomas,Sorber,C,6' 9.25'',,262.80,7' 6.00'',9' 1.00'',,8.5,9.0
2025,1642876,Adou,Thiero,PG-SG,6' 6.25'',,218.40,7' 0.00'',8' 8.50'',,9.0,10.25
2025,1642910,John,Tonje,SG,6' 4.75'',,211.80,6' 9.00'',8' 6.50'',,9.0,9.5
2025,1642893,Alex,Toohey,SF,6' 7.75'',,222.80,6' 10.75'',8' 8.50'',,9.0,10.25
2025,1642849,Nolan,Traoré,PG,6' 3.00'',,175,6' 8.00'',8' 5.50'',,7.75,9.25
2025,1642870,Milos,Uzan,PG,6' 3.25'',,186.40,6' 5.25'',8' 1.50'',,7.75,9.0
2025,1642364,Jamir,Watkins,SF,6' 5.00'',,214.60,6' 11.25'',8' 6.50'',,9.25,9.75
2025,1642924,Brice,Williams,SG,6' 5.25'',,205.80,6' 10.75'',8' 7.00'',,9.0,10.75
2025,1642963,Darrion,Williams,SF,6' 4.50'',,236.00,6' 6.50'',8' 5.00'',,9.0,10.5
2025,1642874,Danny,Wolf,SF-PF,6' 10.50'',,251.80,7' 2.25'',9' 1.00'',,9.25,9.75
2025,1642905,Hansen,Yang,C,7' 1.00'',,252.60,7' 2.75'',9' 3.00'',,10.0,11.25
2025,1642911,Rocco,Zikarsky,C,7' 3.00'',,257.00,7' 4.75'',9' 6.50'',,9.0,9.75
2026,1643587,Matthew,Able,SG,6' 3.75'',,195.80,6' 8.25'',8' 7.00'',,8.75,10.5
2026,1643411,Darius,Acuff Jr.,PG,6' 2.00'',,185.80,6' 6.50'',8' 2.50'',,8.5,9.25
2026,1643533,Amari,Allen,SF,6' 5.25'',,204.60,6' 8.00'',8' 3.50'',,8.25,9.25
2026,1643417,Nathaniel,Ament,PF,6' 9.50'',,210.80,6' 11.50'',9' 1.50'',,8.5,9.5
2026,1643515,Christian,Anderson,PG,6' 1.00'',,180.40,6' 6.25'',8' 0.50'',,8.5,8.25
2026,1643591,Tobe,Awaka,C,6' 8.00'',,261.40,7' 2.25'',8' 9.00'',,9.25,10.0
2026,1643540,Flory,Bidunga,C,6' 7.75'',,228.60,7' 3.25'',8' 10.50'',,9.25,10.5
2026,1643548,Tyler,Bilodeau,PF,6' 7.25'',,228.20,7' 0.75'',8' 11.00'',,9.0,9.5
2026,1643612,John,Blackwell,SG,6' 3.25'',,199.60,6' 2.25'',8' 2.00'',,8.25,9.5
2026,1643409,Cameron,Boozer,PF,6' 8.25'',,252.80,7' 1.50'',9' 0.00'',,8.75,9.75
2026,1643573,Kylan,Boswell,PG,6' 1.25'',,226.00,6' 7.00'',7' 11.00'',,8.0,8.5
2026,1643592,Nicholas,Boyd,PG,6' 1.00'',,176.20,6' 2.50'',8' 0.00'',,8.0,8.25
2026,1643558,Jaden,Bradley,PG,6' 2.50'',,205.40,6' 6.25'',8' 0.00'',,8.0,9.25
2026,1642350,Trevon,Brazile,PF,6' 9.50'',,225.60,7' 3.75'',9' 1.00'',,9.0,10.25
2026,1643576,Maliq,Brown,C,6' 8.00'',,216.60,7' 0.75'',8' 11.00'',,8.75,9.0
2026,1643414,Christopher,Brown Jr,PG,6' 3.50'',,190.20,6' 7.50'',8' 4.50'',,8.25,9.5
2026,1643415,Brayden,Burries,SG,6' 3.75'',,215.40,6' 6.00'',8' 2.50'',,8.25,9.25
2026,1643418,Cameron,Carr,SG,6' 4.50'',,184.40,7' 0.75'',8' 8.00'',,8.75,9.25
2026,1643572,Rafael,Castro,C,6' 9.00'',,224.40,7' 1.25'',9' 1.50'',,9.0,9.0
2026,1643416,Christopher,Cenac Jr.,PF,6' 10.25'',,239.60,7' 5.00'',9' 0.50'',,9.25,9.5
2026,1642929,Rueben,Chinyelu,C,6' 9.25'',,259.40,7' 7.50'',9' 3.50'',,10.0,10.25
2026,1643618,Jacob,Cofie,PF,6' 8.50'',,232.00,7' 0.00'',8' 11.00'',,8.5,9.5
2026,1643553,Ryan,Conwell,SG,6' 2.00'',,214.80,6' 7.00'',8' 0.50'',,8.5,9.0
2026,1643547,Sergio,De Larrea,PG,6' 6.00'',,204.20,6' 9.00'',,,8.75,9.5
2026,1643407,Anicet,Dybantsa,SF,6' 8.50'',,217.00,7' 0.50'',8' 10.00'',,8.5,9.0
2026,1643544,Zuby,Ejiofor,C,6' 7.50'',,245.20,7' 2.00'',8' 11.00'',,9.25,9.75
2026,1642912,Isaiah,Evans,SG,6' 5.50'',,186.00,6' 8.75'',8' 8.50'',,8.5,9.0
2026,1643578,Jeremy,Fears Jr.,PG,6' 0.00'',,196.20,6' 4.00'',8' 1.50'',,8.0,9.0
2026,1643412,Kingston,Flemings,PG,6' 2.50'',,183.40,6' 3.50'',8' 2.50'',,8.5,9.5
2026,1643551,Ja'Kobi,Gillespie,PG,5' 11.75'',,181.80,6' 4.00'',7' 11.50'',,8.0,9.5
2026,1643512,Allen,Graves,PF,6' 7.75'',,225.60,7' 0.00'',8' 10.50'',,9.0,9.5
2026,1643545,Keyshawn,Hall,SF,6' 6.00'',,227.40,6' 10.25'',8' 9.00'',,9.5,9.75
2026,1643541,Jaden,Harris,SF,,,,,,,,
2026,1643624,Bryce,Hopkins,PF,6' 6.00'',,218.80,6' 10.50'',8' 9.00'',,9.25,10.0
2026,1643538,Joshua,Jefferson,PF,6' 7.75'',,246.20,6' 10.75'',8' 8.50'',,9.0,10.0
2026,1643516,Morez,Johnson,PF,6' 9.00'',,250.60,7' 3.50'',8' 11.00'',,9.5,10.0
2026,1642284,Alex,Karaban,PF,6' 6.75'',,225.20,6' 11.00'',8' 8.50'',,8.5,9.5
2026,1643626,Trey,Kaufman-Renn,PF,6' 7.75'',,241.20,6' 10.50'',8' 9.50'',,8.5,9.75
2026,1643583,Jack,Kayil,PG,,,,,,,,
2026,1643588,Tobi,Lawal,PF,6' 7.25'',,214.40,6' 10.50'',8' 8.50'',,8.5,9.0
2026,1642865,Yaxel,Lendeborg,PF,6' 8.75'',,241.40,7' 3.25'',9' 0.50'',,9.0,10.0
2026,1643510,Karim,Lopez,PF,6' 8.25'',,221.80,6' 11.50'',8' 9.50'',,9.5,11.0
2026,1643530,Aday,Mara,C,7' 3.00'',,259.80,7' 6.00'',9' 9.00'',,9.0,9.5
2026,1643568,Nick,Martinelli,PF,6' 6.50'',,223.60,6' 10.00'',8' 8.50'',,8.75,9.75
2026,1642394,Baba,Miller,PF,6' 10.50'',,208.20,7' 1.75'',9' 3.00'',,9.0,10.0
2026,1641759,Dillon,Mitchell,PF,6' 6.75'',,202.20,6' 10.50'',8' 8.50'',,8.5,9.75
2026,1643521,Milan,Momcilovic,PF,6' 8.00'',,218.20,6' 9.25'',8' 6.50'',,8.0,9.5
2026,1643613,Malachi,Moreno,C,6' 11.25'',,242.80,7' 1.50'',9' 3.50'',,9.25,9.25
2026,1643593,Izaiyah,Nelson,C,6' 8.25'',,219.40,7' 2.50'',9' 0.00'',,9.25,9.5
2026,1643589,Tyler,Nickel,SF,6' 6.00'',,217.40,6' 8.50'',8' 6.50'',,8.5,10.0
2026,1643635,Aaron,Nkrumah,SG,6' 5.00'',,188.80,6' 10.25'',8' 8.00'',,8.75,8.5
2026,1643536,Ebuka,Okorie,PG,6' 1.25'',,186.00,6' 7.75'',8' 2.00'',,9.0,9.25
2026,1643590,Felix,Okpara,C,6' 10.00'',,237.40,7' 2.00'',9' 4.00'',,8.75,9.0
2026,1642391,Ugonna,Onyenso,C,6' 11.00'',,236.80,7' 4.75'',9' 5.00'',,9.5,10.0
2026,1642923,Otega,Oweh,SG,6' 4.25'',,216.00,6' 8.25'',8' 5.00'',,8.0,9.5
2026,1643520,Koa,Peat,PF,6' 7.00'',,245.00,6' 11.25'',8' 8.00'',,9.0,10.0
2026,1643408,Darryn,Peterson,SG,6' 4.50'',,198.80,6' 9.75'',8' 7.00'',,8.5,9.25
2026,1642889,Labaron,Philon,PG,6' 2.50'',,176.20,6' 6.25'',8' 3.50'',,8.5,9.0
2026,1643519,Jayden,Quaintance,C,6' 9.00'',,253.40,7' 5.25'',9' 1.00'',,9.5,11.0
2026,1643542,Tarris,Reed Jr.,C,6' 9.75'',,263.60,7' 4.25'',9' 2.00'',,9.25,10.0
2026,1643586,Billy,Richmond III,SF,6' 5.75'',,195.40,6' 8.00'',8' 5.00'',,9.0,9.25
2026,1643563,Richie,Saunders,SG,6' 5.00'',,204.80,6' 8.75'',8' 6.50'',,8.5,10.25
2026,1643567,Emanuel,Sharp,SG,6' 2.75'',,208.40,6' 3.00'',8' 2.50'',,8.0,8.25
2026,1643552,Braden,Smith,PG,5' 10.25'',,166.60,6' 3.25'',7' 9.50'',,8.25,8.25
2026,1643419,Hannes,Steinbach,C,6' 10.25'',,248.00,7' 2.25'',9' 0.00'',,9.0,10.0
2026,1642892,Bennett,Stirtz,PG,6' 2.50'',,186.20,6' 6.00'',8' 2.50'',,8.5,9.75
2026,1642887,Andrej,Stojakovic,SF,6' 5.50'',,206.00,6' 8.25'',8' 4.00'',,8.5,10.0
2026,1643614,Peter,Suder,SG,6' 3.75'',,213.40,6' 8.00'',8' 3.50'',,8.5,9.0
2026,1643543,Luigi,Suigo,C,7' 2.75'',,289.00,7' 5.50'',9' 6.00'',,9.25,10.5
2026,1643517,Dailyn,Swain,SF,6' 6.50'',,211.20,6' 10.00'',8' 8.50'',,8.0,9.25
2026,1643535,Tyler,Tanner,PG,5' 10.75'',,166.80,6' 4.25'',7' 9.00'',,8.25,10.0
2026,1643509,Meleek,Thomas,SG,6' 3.00'',,189.60,6' 6.75'',8' 4.00'',,8.0,7.5
2026,1643570,Bruce,Thornton,PG,6' 0.00'',,223.00,6' 5.00'',8' 0.50'',,8.5,9.0
2026,1642870,Milos,Uzan,PG,6' 3.00'',,185.00,6' 5.00'',8' 2.00'',,8.0,9.0
2026,1643539,Henri,Veesaar,C,6' 11.25'',,227.20,7' 2.00'',9' 3.00'',,8.75,9.5
2026,1643413,Keaton,Wagler,PG,6' 5.00'',,188.00,6' 6.25'',8' 4.00'',,8.0,9.25
2026,1643410,Caleb,Wilson,PF,6' 9.25'',,210.80,7' 0.25'',9' 0.00'',,9.0,9.75
2026,1643537,Tounde,Yessoufou,SG,6' 4.25'',,219.80,6' 10.00'',8' 7.00'',,8.5,9.0
